Date,Buy_and_Hold,Moving_Average_Crossover,RSI_Strategy,Momentum_Strategy
2022-01-02,100000.0,100000.0,100000.0,100000.0
2022-01-03,102727.28182933101,100000.0,100000.0,100000.0
2022-01-04,109289.34667506046,100000.0,100000.0,100000.0
2022-01-05,108378.83130591117,100000.0,100000.0,100000.0
2022-01-06,107475.97223605789,100000.0,100000.0,100000.0
2022-01-07,114598.62673822907,100000.0,100000.0,100000.0
2022-01-08,118289.28715470579,100000.0,100000.0,100000.0
2022-01-09,116204.8096678211,100000.0,100000.0,100000.0
2022-01-10,118873.11177221463,100000.0,100000.0,100000.0
2022-01-11,116806.64126012866,100000.0,100000.0,100000.0
2022-01-12,114765.47964832364,100000.0,100000.0,99905.00000000001
2022-01-13,115997.56849089949,100000.0,100000.0,100924.89239624474
2022-01-14,107558.83711213368,100000.0,100000.0,93850.48663419588
2022-01-15,100488.30037209808,100000.0,100000.0,93850.48663419588
2022-01-16,98351.69758578786,100000.0,100000.0,93850.48663419588
2022-01-17,94541.27962329,100000.0,100000.0,93850.48663419588
2022-01-18,95832.93871796994,100000.0,100000.0,93850.48663419588
2022-01-19,92507.10855551498,100000.0,100000.0,93850.48663419588
2022-01-20,87513.52411732271,100000.0,100000.0,93850.48663419588
2022-01-21,92890.30617694826,100000.0,99905.00000000001,93850.48663419588
2022-01-22,92147.28690274665,100000.0,99145.10551849523,93850.48663419588
2022-01-23,92488.96773594854,100000.0,99494.54649344849,93850.48663419588
2022-01-24,87452.81950103209,100000.0,94344.01893026353,93850.48663419588
2022-01-25,85654.70304096621,100000.0,92505.06424557493,93850.48663419588
2022-01-26,86121.66767385074,100000.0,92982.63442431376,93850.48663419588
2022-01-27,82328.82535996448,100000.0,89103.65033384455,93850.48663419588
2022-01-28,83659.01687258238,100000.0,90464.05271488504,93850.48663419588
2022-01-29,81754.72995537681,100000.0,88516.51626484992,93850.48663419588
2022-01-30,80887.22631840431,100000.0,87629.3101730173,93850.48663419588
2022-01-31,79042.65570676487,100000.0,85742.84628547299,93850.48663419588
2022-02-01,85206.59012972473,100000.0,91959.63216858562,93850.48663419588
2022-02-02,85245.80364060137,100000.0,91959.63216858562,93850.48663419588
2022-02-03,81796.1726698291,100000.0,91959.63216858562,93850.48663419588
2022-02-04,84616.75106299188,100000.0,91959.63216858562,93761.32867189341
2022-02-05,80664.49407101734,100000.0,91959.63216858562,89511.9683820607
2022-02-06,81422.61401862965,100000.0,91959.63216858562,89426.93201209775
2022-02-07,75359.21721705093,100000.0,91959.63216858562,83015.72138936815
2022-02-08,71531.5635835429,100000.0,91959.63216858562,83015.72138936815
2022-02-09,72169.19194313079,100000.0,91959.63216858562,83015.72138936815
2022-02-10,74407.14064505266,100000.0,91959.63216858562,83015.72138936815
2022-02-11,74993.89010065283,100000.0,91959.63216858562,83015.72138936815
2022-02-12,74722.45979875946,100000.0,91959.63216858562,83015.72138936815
2022-02-13,73901.75424571481,100000.0,91959.63216858562,83015.72138936815
2022-02-14,69727.5626253233,100000.0,91959.63216858562,83015.72138936815
2022-02-15,67816.25515936752,100000.0,91872.27051802547,83015.72138936815
2022-02-16,66644.75620832025,100000.0,90363.1326018655,83015.72138936815
2022-02-17,69592.80990449048,100000.0,94071.19777747981,83015.72138936815
2022-02-18,70626.53951113098,100000.0,93981.83013959121,82936.85645404826
2022-02-19,65883.2595656263,100000.0,87979.8976152412,77566.71730046654
2022-02-20,66809.66396262059,100000.0,89152.1279589911,77566.71730046654
2022-02-21,65854.28175704011,100000.0,87859.90136498351,77566.71730046654
2022-02-22,64159.20476680531,100000.0,87859.90136498351,77566.71730046654
2022-02-23,65814.13418471406,100000.0,87859.90136498351,77566.71730046654
2022-02-24,68653.67075793294,100000.0,87859.90136498351,77493.0289190311
2022-02-25,71330.62841131478,100000.0,87859.90136498351,80366.3010175392
2022-02-26,69044.9060506022,100000.0,87859.90136498351,77912.95541617165
2022-02-27,68264.41429342476,100000.0,87859.90136498351,77001.95578835052
2022-02-28,69244.18341000652,100000.0,87859.90136498351,77001.95578835052
2022-03-01,72071.66365489954,100000.0,87859.90136498351,76928.8039303516
2022-03-02,70774.1614651412,100000.0,87859.90136498351,75611.8550613344
2022-03-03,70320.79958429598,100000.0,87859.90136498351,75151.69829169859
2022-03-04,67344.02781149473,100000.0,87859.90136498351,72130.31131412204
2022-03-05,64261.83827058618,100000.0,87859.90136498351,69001.92658996825
2022-03-06,66451.143466686,100000.0,87859.90136498351,71224.0446138878
2022-03-07,70225.8582312737,100000.0,87859.90136498351,75055.33397842606
2022-03-08,70093.92926474163,100000.0,87859.90136498351,74921.42768937588
2022-03-09,73037.82846878115,100000.0,87859.90136498351,77909.44941131418
2022-03-10,74176.17048758785,100000.0,87859.90136498351,79064.852651521
2022-03-11,72358.8780975169,100000.0,87859.90136498351,77146.87970311708
2022-03-12,73485.93153203558,100000.0,87859.90136498351,77073.59016739913
2022-03-13,78227.04586663347,100000.0,87859.90136498351,81802.0335731546
2022-03-14,78193.17763801778,100000.0,87859.90136498351,81768.25585952852
2022-03-15,83326.62679515133,100000.0,87859.90136498351,86887.9855481161
2022-03-16,75111.85055562734,100000.0,87859.90136498351,78695.16381924968
2022-03-17,77699.93676273119,100000.0,87859.90136498351,81276.33320177306
2022-03-18,78048.9603244861,100000.0,87859.90136498351,81624.42397591662
2022-03-19,77198.19162576887,100000.0,87859.90136498351,80775.92901052073
2022-03-20,77559.58372935827,99905.00000000001,87859.90136498351,81136.35527078604
2022-03-21,71703.79726741023,92732.45358940742,87859.90136498351,75224.70660533699
2022-03-22,71147.61698789317,92051.20797134822,87859.90136498351,75224.70660533699
2022-03-23,72243.4260585674,93393.42587284332,87859.90136498351,75224.70660533699
2022-03-24,76719.59071972617,98876.12217371479,87859.90136498351,75153.24313406194
2022-03-25,75220.68706717447,97040.1679286624,87859.90136498351,73686.9632898602
2022-03-26,72899.84719975013,94197.45298869224,87859.90136498351,73686.9632898602
2022-03-27,71522.79865941912,92510.75477499454,87859.90136498351,73686.9632898602
2022-03-28,74264.44809949353,95868.90452623514,87859.90136498351,73686.9632898602
2022-03-29,75322.76328157137,97165.19748531323,87859.90136498351,73686.9632898602
2022-03-30,73817.2159006107,95321.10557153566,87859.90136498351,73686.9632898602
2022-03-31,75423.7852499448,97288.93573317394,87859.90136498351,73686.9632898602
2022-04-01,75792.98797823851,97741.15914002321,87859.90136498351,73686.9632898602
2022-04-02,78866.1081531325,101505.31570942496,87859.90136498351,73686.9632898602
2022-04-03,76758.9089574351,98924.28169704824,87859.90136498351,73686.9632898602
2022-04-04,75835.23084094274,97792.9009334153,87859.90136498351,73686.9632898602
2022-04-05,74729.77785948126,96438.87054556153,87859.90136498351,73616.96067473484
2022-04-06,70551.1548521957,91320.62252765906,87859.90136498351,69636.57545223221
2022-04-07,71463.21619577121,92437.77431565759,87859.90136498351,69636.57545223221
2022-04-08,72285.60941188842,93445.09477528973,87859.90136498351,69636.57545223221
2022-04-09,72372.7326555908,93551.80896525504,87859.90136498351,69570.42070555259
2022-04-10,71768.53310050661,92811.74622931659,87859.90136498351,68952.52918762177
2022-04-11,67886.09944747065,88056.29011024507,87859.90136498351,68952.52918762177
2022-04-12,66820.20332133277,86750.71152002929,87859.90136498351,68952.52918762177
2022-04-13,65976.38659102499,85717.1501530812,87859.90136498351,68952.52918762177
2022-04-14,63956.66907231037,83164.93109359664,87776.43445868678,68952.52918762177
2022-04-15,63608.96247581422,83164.93109359664,87322.6585768364,68952.52918762177
2022-04-16,64710.04303554957,83164.93109359664,88759.62815698571,68952.52918762177
2022-04-17,69850.96145463266,83164.93109359664,95377.64498697013,68952.52918762177
2022-04-18,70410.82127774206,83164.93109359664,95377.64498697013,68952.52918762177
2022-04-19,71211.11945264817,83164.93109359664,95377.64498697013,68887.02428489353
2022-04-20,71070.41468347651,83164.93109359664,95377.64498697013,68757.59432663936
2022-04-21,65885.62558580651,83164.93109359664,95377.64498697013,63927.66130988332
2022-04-22,65881.63600136118,83164.93109359664,95377.64498697013,63866.930031638934
2022-04-23,66106.62352483101,83164.93109359664,95377.64498697013,64074.328947614245
2022-04-24,73024.76505520266,83164.93109359664,95377.64498697013,70451.63837275337
2022-04-25,72537.53792555981,83164.93109359664,95377.64498697013,70002.50067407897
2022-04-26,73491.23049084313,83164.93109359664,95377.64498697013,70881.637442034
2022-04-27,73462.68683915424,83164.93109359664,95377.64498697013,70855.32521668499
2022-04-28,70177.69277235799,83164.93109359664,95377.64498697013,67762.44710898487
2022-04-29,73533.67071879042,83164.93109359664,95377.64498697013,67698.07278423134
2022-04-30,75854.78035804612,83164.93109359664,95377.64498697013,69730.06526122088
2022-05-01,78371.63046270209,83164.93109359664,95377.64498697013,71933.41679269407
2022-05-02,75647.65996240693,83164.93109359664,95377.64498697013,69548.74375936159
2022-05-03,80093.78653948045,83164.93109359664,95377.64498697013,73441.06129730164
2022-05-04,75801.96662718526,83164.93109359664,95377.64498697013,69683.83000288752
2022-05-05,77680.05414533852,83164.93109359664,95377.64498697013,71327.9831456228
2022-05-06,84878.15402777458,83085.92440905773,95377.64498697013,77629.48849563272
2022-05-07,81662.53208305882,80092.74399069657,95287.03622423252,74814.4040679104
2022-05-08,79913.38685495965,78464.59636152028,93346.269988803,73283.13217771248
2022-05-09,80312.8343713872,78836.41198689213,93789.47747109493,73632.82455527427
2022-05-10,78790.34092804333,77419.237443352,92100.19300172261,72299.97272836414
2022-05-11,74125.8166940933,73077.38294737382,86924.66441086297,68216.4611217512
2022-05-12,74403.75373881141,73336.09362110664,87233.04980007972,68459.77835864184
2022-05-13,71379.7521286623,70521.27814832846,83877.76510068413,65749.95735958767
2022-05-14,72817.61882304179,71859.68002137913,85473.15185683871,65749.95735958767
2022-05-15,70258.47723739588,69477.56775393529,82633.65316838358,65749.95735958767
2022-05-16,74826.96761014567,73730.03155729288,87702.6272706386,65749.95735958767
2022-05-17,72591.52778604726,71649.22889362418,85222.29226914795,65749.95735958767
2022-05-18,71734.06627897307,70851.08252051259,84270.89480118666,65749.95735958767
2022-05-19,74180.88080700228,73128.63798523188,86985.76086494858,65749.95735958767
2022-05-20,70687.72050095822,69877.11799749534,83109.92055849198,65749.95735958767
2022-05-21,71405.16963903749,70544.9373954808,83826.7394368845,65749.95735958767
2022-05-22,75313.24236792694,74182.66812588142,83826.7394368845,65687.49490009606
2022-05-23,70693.71353079223,69882.69645785363,83826.7394368845,61856.20144110241
2022-05-24,71288.99771478612,70436.80169582122,83826.7394368845,62290.78674200952
2022-05-25,72106.00425072442,71197.2915814753,83826.7394368845,62290.78674200952
2022-05-26,74471.03310573532,73398.7189194466,83826.7394368845,62290.78674200952
2022-05-27,70946.93505192819,70118.40131109898,83826.7394368845,62290.78674200952
2022-05-28,67364.21481413208,66783.51672435214,83826.7394368845,62290.78674200952
2022-05-29,68854.2259289257,68170.45591329182,83826.7394368845,62290.78674200952
2022-05-30,69746.76146395707,68936.32804870761,83826.7394368845,62231.61049460462
2022-05-31,70519.60124461917,68936.32804870761,83826.7394368845,62887.32205891072
2022-06-01,71575.19900803681,68936.32804870761,83826.7394368845,63722.21046808235
2022-06-02,69724.21274060533,68936.32804870761,83826.7394368845,63661.674368137676
2022-06-03,70445.38934432437,68936.32804870761,83826.7394368845,64287.81580802625
2022-06-04,71347.38474403207,68936.32804870761,83826.7394368845,65070.948116303225
2022-06-05,69406.92404432382,68936.32804870761,83826.7394368845,63325.936698251004
2022-06-06,74859.84358743111,68936.32804870761,83826.7394368845,63325.936698251004
2022-06-07,76368.54753348064,68936.32804870761,83826.7394368845,63325.936698251004
2022-06-08,72887.6190598647,68936.32804870761,83826.7394368845,63325.936698251004
2022-06-09,74902.02561126901,68936.32804870761,83826.7394368845,63325.936698251004
2022-06-10,72110.06754034333,68936.32804870761,83826.7394368845,63325.936698251004
2022-06-11,74490.9060660486,68936.32804870761,83826.7394368845,63325.936698251004
2022-06-12,78102.4069246021,68936.32804870761,83826.7394368845,63325.936698251004
2022-06-13,75655.76035397027,68936.32804870761,83826.7394368845,63325.936698251004
2022-06-14,78706.72692442808,68936.32804870761,83826.7394368845,63325.936698251004
2022-06-15,80097.11727742005,68936.32804870761,83826.7394368845,63325.936698251004
2022-06-16,82857.50049381745,68936.32804870761,83826.7394368845,63325.936698251004
2022-06-17,89478.10782803316,68936.32804870761,83826.7394368845,63325.936698251004
2022-06-18,88692.77799684889,68870.83853706135,83826.7394368845,63325.936698251004
2022-06-19,86144.74982562677,66989.4100333763,83826.7394368845,63325.936698251004
2022-06-20,83216.73269152384,64827.40297332987,83747.10403441946,63325.936698251004
2022-06-21,80625.58495042079,62914.13557996657,81267.46939202092,63325.936698251004
2022-06-22,80457.73068911656,62790.19433188717,81106.83893679763,63325.936698251004
2022-06-23,81644.79265057691,63666.70434663342,82242.81428687845,63325.936698251004
2022-06-24,82636.02082002342,64398.61341762212,83191.3837831259,63325.936698251004
2022-06-25,85501.42161148321,66514.38544260267,85933.46867244033,63325.936698251004
2022-06-26,85631.48907381069,66610.42544474578,86057.93852814172,63325.936698251004
2022-06-27,90848.60516872707,70462.67128679303,90963.591051208,63325.936698251004
2022-06-28,89981.86664170623,69822.68363343956,90877.17563970936,63325.936698251004
2022-06-29,100425.37706540171,77534.02623615824,100810.30976804464,63265.77705838767
2022-06-30,103073.42814426069,79489.31026136962,100810.30976804464,64852.08725108063
2022-07-01,99698.96807255514,76997.65595583312,100714.539973765,62830.62306962365
2022-07-02,95614.03574206532,73981.39883237994,96790.59636130385,60383.55177101819
2022-07-03,97574.72778656262,75429.14652258558,98674.01679561152,61558.100781703535
2022-07-04,96803.19615455874,74859.45831413438,97932.89151512239,61095.91615784796
2022-07-05,99707.41343510491,77003.891893883,100626.8745945961,62835.68224873112
2022-07-06,101714.46618132386,78485.87168036416,100626.8745945961,64038.00355364018
2022-07-07,101520.05651592258,78342.32229185702,100626.8745945961,63921.54279642662
2022-07-08,98237.16748513054,75918.28276720583,100531.27906373124,61954.934080831415
2022-07-09,92553.85972771951,71721.80749633833,95000.79771897591,58550.35888371067
2022-07-10,91006.42826626336,70579.20566329571,93494.97730678531,57623.37287524615
2022-07-11,94272.17678310444,72990.58887123919,96672.90854330867,59579.713597068316
2022-07-12,95178.09738563924,73659.5080232857,97554.46857947158,60122.4036898103
2022-07-13,90642.23683974979,70310.29178770394,93140.57913300584,57350.905594717646
2022-07-14,91363.6349054234,70842.96206921445,93842.5785169294,57350.905594717646
2022-07-15,92875.53160738683,71959.3255309014,95313.81971348479,57350.905594717646
2022-07-16,89739.04238306654,69643.38558377483,92261.67193554508,57350.905594717646
2022-07-17,90382.88585507496,70118.79063377755,92888.20219976346,57350.905594717646
2022-07-18,90684.21280154143,70341.2862531013,93181.4263444408,57350.905594717646
2022-07-19,86718.25979390675,67412.88180407966,89322.1193951913,57350.905594717646
2022-07-20,88056.26322008757,68400.84489352911,90624.1433755155,57350.905594717646
2022-07-21,90143.90573759604,69942.33104439115,92567.92845281809,57350.905594717646
2022-07-22,94229.1324768946,72958.80555520715,92567.92845281809,57296.42223440267
2022-07-23,98384.3235465247,76026.94075282937,92567.92845281809,59698.95705854277
2022-07-24,93202.51470087544,72200.76529175678,92567.92845281809,56702.831009201356
2022-07-25,89860.79057899535,69733.28275550932,92567.92845281809,54770.64342962979
2022-07-26,91823.02766449764,71182.17128246826,92567.92845281809,55905.210493367274
2022-07-27,93823.42424147316,72659.2362463107,92567.92845281809,57061.84140581824
2022-07-28,95872.23864702374,74172.05226023826,92567.92845281809,58246.467545759704
2022-07-29,111958.21454960259,86049.7127643553,92567.92845281809,67547.39177249203
2022-07-30,114658.86604695766,88043.83620577957,92567.92845281809,69108.91064407528
2022-07-31,120107.1142443987,92066.74677230592,92567.92845281809,72259.09214128283
2022-08-01,124903.82409016584,95608.57049688601,92567.92845281809,75032.55363863273
2022-08-02,128329.30864629046,98137.90057086814,92567.92845281809,77013.1715687671
2022-08-03,126847.92324139149,97044.06622586434,92567.92845281809,76156.63333415842
2022-08-04,130888.74439928045,100027.75227400543,92567.92845281809,78493.0393831863
2022-08-05,127031.4475592292,97179.57802538012,92567.92845281809,76262.74724259076
2022-08-06,125959.68936795257,96388.20670817894,92567.92845281809,75643.05579291965
2022-08-07,123661.42507465708,94691.20037236054,92567.92845281809,74314.19752691175
2022-08-08,124191.20499850616,95082.38248748281,92567.92845281809,74620.51670570491
2022-08-09,136375.03440594033,104078.75238247812,92567.92845281809,81665.216685133
2022-08-10,126686.82406400664,96925.11283764231,92567.92845281809,76063.485660003
2022-08-11,130342.87734584502,99624.69164651504,92567.92845281809,78177.41861310553
2022-08-12,122322.3607847544,93702.45395591835,92479.98892078792,73539.94947565669
2022-08-13,120155.00131084138,92102.10591502681,90921.83899092785,72286.78048168078
2022-08-14,125629.94117212346,96144.72523427749,94857.86218575256,75452.39512042564
2022-08-15,126079.39297763881,96476.59418591617,95180.9803891094,75712.26851648092
2022-08-16,120880.44755122112,92637.76531234304,91443.37407644099,72636.34091016998
2022-08-17,117588.3389582246,90206.91819140271,89076.62373575657,72636.34091016998
2022-08-18,120949.58211010802,92688.81330747454,91493.07603376606,72636.34091016998
2022-08-19,117584.72254786709,90204.24788437688,89074.0238396098,72636.34091016998
2022-08-20,118725.89826087363,91046.87613253076,89894.43359561989,72636.34091016998
2022-08-21,119061.51995018628,91294.69451219367,90135.71747951473,72636.34091016998
2022-08-22,116114.4473715509,89118.61717737609,88017.01913391787,72636.34091016998
2022-08-23,126638.18500772264,96889.19843609894,95582.70505590383,72636.34091016998
2022-08-24,130020.33281038475,99386.52925507187,98014.18604690893,72636.34091016998
2022-08-25,120023.21002961049,92004.79306902086,90827.09209818683,72636.34091016998
2022-08-26,121042.69245623362,92757.56468988358,91560.01457397183,72567.33638630532
2022-08-27,117998.49321183052,90509.77037818672,89371.49029074205,70831.88656156557
2022-08-28,122213.46005053306,93622.04317092377,92401.69841409945,73234.77246824822
2022-08-29,118518.41612613856,90893.67421478714,89745.27131886061,71128.28638893331
2022-08-30,118093.7618848341,90580.11543909363,89439.98048719772,70886.1977247298
2022-08-31,120624.01482210985,92448.41895766898,91259.02042228819,72328.65489129529
2022-09-01,124999.35785320637,95679.11129658311,94404.52559532177,74822.96872783314
2022-09-02,119258.89805909702,91440.43575803319,90277.61580799086,71550.42342320869
2022-09-03,117791.56855252078,90356.98009253066,89222.72879212101,70713.9220871989
2022-09-04,115690.541651627,88805.61109944193,87712.26642643358,69516.15989287691
2022-09-05,112819.10695851056,86685.38372553962,85647.94538531003,67879.20040539184
2022-09-06,121195.37129380323,92870.3006164943,91669.7778702379,72654.37617596061
2022-09-07,123297.87192557624,94422.75779193293,93181.29972499197,73782.68835494059
2022-09-08,117350.80622411316,90031.52732973058,88905.85759499867,73782.68835494059
2022-09-09,121861.14860752101,93361.90130964312,92148.41599518117,73712.5948010034
2022-09-10,132789.94493017145,101431.57225937232,100005.3051861784,79998.75066990535
2022-09-11,138527.25990934268,105667.92571038402,104129.95411496956,83298.80816601848
2022-09-12,130489.44340890716,99732.91398558978,98351.4372758731,78675.5206716171
2022-09-13,128114.31703247702,97979.15375839162,96643.92034506981,77309.36705599556
2022-09-14,134908.85646376683,102996.14701608752,101528.62510481216,81217.53156574734
2022-09-15,131274.77354773582,100312.79081924603,98916.0238686655,79127.23626000188
2022-09-16,133759.7675640969,102147.67578114424,100702.52643037717,80556.58485969706
2022-09-17,138107.27990525923,105357.81832633521,103828.02366836774,83057.23904078746
2022-09-18,133213.56002313746,101744.36374240965,100309.84895722206,80242.410669066
2022-09-19,133029.7171734708,101608.61674342898,100177.68134646746,80136.66573849274
2022-09-20,116970.50945136727,89750.72149085309,88632.45606797363,70899.53843811552
2022-09-21,112386.7829802452,86366.16172292542,85337.14065516769,68263.01578665327
2022-09-22,111368.39894981585,85614.20114250983,84605.00783424746,67677.24947161894
2022-09-23,106052.2914531195,81688.8614284905,80783.17180621145,64619.46713644895
2022-09-24,113321.4805652013,87056.32939788426,86009.109931132,68800.6463303887
2022-09-25,107127.8611528791,82483.04711045533,81556.41633367061,65238.12618918872
2022-09-26,105364.02990777117,81180.65869194557,80212.62148942996,64223.58462341647
2022-09-27,106022.45684796499,81666.83197168628,80212.62148942996,64602.306511184135
2022-09-28,112426.74570799431,86395.66964435318,80212.62148942996,68286.0020266893
2022-09-29,106257.71046408617,81840.539964386,80212.62148942996,64737.622501710524
2022-09-30,111429.7028469516,85577.18894590213,80212.62148942996,67712.51098088213
2022-10-01,111586.85394001368,85577.18894590213,80136.41949901501,67802.90302743434
2022-10-02,107398.14399964536,85577.18894590213,77202.63316570176,65331.816161992836
2022-10-03,109511.22327878152,85577.18894590213,77202.63316570176,65331.816161992836
2022-10-04,110497.1167131602,85577.18894590213,77202.63316570176,65331.816161992836
2022-10-05,107983.74995646988,85577.18894590213,77202.63316570176,65269.75093663895
2022-10-06,108394.01072200017,85577.18894590213,77202.63316570176,65505.554257756834
2022-10-07,106842.98127512679,85577.18894590213,77202.63316570176,64552.66805124408
2022-10-08,107436.60855496218,85577.18894590213,77202.63316570176,64552.66805124408
2022-10-09,110430.48331942414,85577.18894590213,77202.63316570176,64552.66805124408
2022-10-10,117780.99028460679,85577.18894590213,77202.63316570176,64552.66805124408
2022-10-11,112203.50881338894,85577.18894590213,77202.63316570176,64552.66805124408
2022-10-12,122319.39314894738,85577.18894590213,77202.63316570176,64491.343016595405
2022-10-13,113244.82732114804,85577.18894590213,77202.63316570176,59941.79408992689
2022-10-14,112671.97089429102,85577.18894590213,77202.63316570176,59598.103268197876
2022-10-15,115470.30217912233,85577.18894590213,77202.63316570176,59541.48507009309
2022-10-16,116892.30579479397,85577.18894590213,77202.63316570176,60238.73172917717
2022-10-17,114130.78946968203,85577.18894590213,77202.63316570176,58884.68592333651
2022-10-18,113297.8483149621,85577.18894590213,77202.63316570176,58476.27244889693
2022-10-19,111196.6370969695,85577.18894590213,77202.63316570176,57391.46931021857
2022-10-20,108714.54014311804,85577.18894590213,77202.63316570176,57391.46931021857
2022-10-21,112585.12847272029,85577.18894590213,77202.63316570176,57336.94741437387
2022-10-22,114318.7103456943,85577.18894590213,77202.63316570176,58121.11223876616
2022-10-23,111304.96524551045,85577.18894590213,77202.63316570176,58065.897182139335
2022-10-24,115498.53705302278,85577.18894590213,77202.63316570176,60146.20244354187
2022-10-25,117043.98970378771,85577.18894590213,77202.63316570176,60854.79316034212
2022-10-26,121033.13235891846,85577.18894590213,77202.63316570176,60796.9811068398
2022-10-27,124244.26201438298,85577.18894590213,77202.63316570176,62330.7925172072
2022-10-28,120312.1580748414,85577.18894590213,77202.63316570176,60452.60429800648
2022-10-29,117763.97869647668,85577.18894590213,77202.63316570176,59235.45425252403
2022-10-30,121458.68758689205,85577.18894590213,77202.63316570176,61000.24959314853
2022-10-31,124585.09740599639,85495.89061640353,77202.63316570176,62493.59416921277
2022-11-01,124605.52309281325,85509.21945148612,77202.63316570176,62503.35059603626
2022-11-02,125316.93736787303,85973.45468786712,77202.63316570176,62843.161020921485
2022-11-03,132019.89396973854,90347.48646036301,77202.63316570176,66044.86024276481
2022-11-04,129061.59455406258,88417.04047879104,77129.29066419436,64631.814403483506
2022-11-05,132049.0788320078,90366.53111817957,78751.96362991203,66058.80053156083
2022-11-06,131116.4627294441,89757.95005366548,78751.96362991203,65613.33199771625
2022-11-07,130109.79990059842,89101.04960523707,78677.14926446363,65132.49469155247
2022-11-08,136091.81696286798,93004.63040519296,82038.61156799983,67989.8337004298
2022-11-09,140800.84380347127,96077.5181235175,82038.61156799983,70239.12285247397
2022-11-10,145603.44876696944,99211.47048943926,82038.61156799983,72533.11004167545
2022-11-11,153562.2426407013,104405.00214154043,82038.61156799983,76334.66593198913
2022-11-12,153845.08091748427,104589.56899503646,82038.61156799983,76469.76498520866
2022-11-13,158257.6255940705,107468.98650574722,82038.61156799983,78577.4380161579
2022-11-14,156462.06377592846,106297.28796903761,82038.61156799983,77719.77934142965
2022-11-15,158662.6469204605,107733.2842262002,82038.61156799983,78770.8983863432
2022-11-16,157996.75716319509,107298.75613236651,82038.61156799983,78452.83296472361
2022-11-17,158769.64007565368,107803.10288803132,82038.61156799983,78822.00417772324
2022-11-18,162757.38040156054,110405.31321431116,82038.61156799983,80726.76738248815
2022-11-19,157674.34537747255,107088.36548263667,82038.61156799983,78298.831436029
2022-11-20,171610.4859030455,116182.43024621559,82038.61156799983,84955.49549138156
2022-11-21,165006.7853829468,111873.16828815361,82038.61156799983,81801.20641085818
2022-11-22,157341.57076066372,106871.21254051603,81960.67488701025,78139.88005159223
2022-11-23,164966.6755297988,111846.99449911092,85737.65102263256,81782.04774801133
2022-11-24,170444.54503807018,115421.592500849,88451.02782639037,84398.57827084222
2022-11-25,174928.05716035905,118347.32000291935,90671.86528402168,86540.14924104098
2022-11-26,179559.85525925242,121369.81190488204,92966.15387600985,88752.54971590535
2022-11-27,179651.47733167539,121429.60012665398,93011.53743354975,88796.31343621627
2022-11-28,173491.4922314098,117409.88582040824,89960.28536240853,85853.96714434293
2022-11-29,174192.4538131365,117867.30012455548,90307.49569542406,86188.78479035481
2022-11-30,169707.14514516533,114940.4002819253,88085.76834704711,83965.29426344686
2022-12-01,176633.87108157674,119460.45331595551,91516.81347389193,83885.5272338966
2022-12-02,175773.594141891,118899.0773604132,91090.68877533414,83497.03019395097
2022-12-03,170234.49724663227,115284.52526797503,88346.9839450771,80995.59995851283
2022-12-04,168228.20966034365,113975.31708292603,87353.20083467572,80013.59880159491
2022-12-05,171201.06879189977,115915.26404498184,88825.76001050563,80013.59880159491
2022-12-06,167551.32538204157,113533.61448578072,87017.91681653693,80013.59880159491
2022-12-07,162292.604835271,110102.02270912356,84413.09201603623,80013.59880159491
2022-12-08,164046.2494906362,111246.36809218932,85281.73241039336,80013.59880159491
2022-12-09,165827.32896033945,112408.61613474028,86163.96221003441,80013.59880159491
2022-12-10,162661.17119643075,110342.53164715508,84595.65558632687,80013.59880159491
2022-12-11,159784.78255975587,108465.53675756253,83170.88155811,80013.59880159491
2022-12-12,161436.16449756012,109543.15033818326,83908.90284431315,80013.59880159491
2022-12-13,152503.32888991322,103714.00521803493,83829.18938661106,80013.59880159491
2022-12-14,144299.04875454126,98360.28086711396,79540.81389797354,80013.59880159491
2022-12-15,140351.51606362325,95784.30813767153,77477.43939673697,80013.59880159491
2022-12-16,139297.53969344604,95096.53311473137,76926.52617133598,80013.59880159491
2022-12-17,141181.8140840877,96326.12127146703,77911.43599613059,80013.59880159491
2022-12-18,149914.14596522946,102024.42716314812,82397.46392807545,80013.59880159491
2022-12-19,155301.61897634505,105540.03669544398,82397.46392807545,80013.59880159491
2022-12-20,154465.63026108878,104994.51008395418,82397.46392807545,80013.59880159491
2022-12-21,154502.60629475673,105018.63889094055,82397.46392807545,80013.59880159491
2022-12-22,148577.95809514797,101055.53935842129,82397.46392807545,80013.59880159491
2022-12-23,148616.5152975859,101055.53935842129,82397.46392807545,80013.59880159491
2022-12-24,147057.39015921394,101055.53935842129,82397.46392807545,79937.5858827334
2022-12-25,149117.06405166927,101055.53935842129,82397.46392807545,81002.21666598669
2022-12-26,144407.9708181065,101055.53935842129,82397.46392807545,78568.11987230243
2022-12-27,147586.77163432518,101055.53935842129,82397.46392807545,80211.21940139476
2022-12-28,157075.38378297858,101055.53935842129,82397.46392807545,85115.8155225628
2022-12-29,156549.99810350963,101055.53935842129,82397.46392807545,84763.32782186332
2022-12-30,159245.00123525973,101055.53935842129,82397.46392807545,84682.80266043256
2022-12-31,163866.1054548994,101055.53935842129,82397.46392807545,87019.54893434011
2023-01-01,161418.57651414027,101055.53935842129,82319.18633734378,85781.91094550336
2023-01-02,163034.9417841673,101055.53935842129,83103.01916385234,86599.25574936149
2023-01-03,163280.2811908047,101055.53935842129,83221.99294046368,86723.31612910061
2023-01-04,164083.47374436204,101055.53935842129,83611.48948630008,87129.46520463515
2023-01-05,159246.75113794053,101055.53935842129,81265.99121191206,84683.68753088228
2023-01-06,159562.43700396875,101055.53935842129,81419.07848076531,84843.3198906182
2023-01-07,162935.6327718757,101055.53935842129,83054.86070286228,86549.03832222543
2023-01-08,172845.99161882987,101055.53935842129,87776.9259229552,91560.39340274614
2023-01-09,179786.81883533808,101055.53935842129,87776.9259229552,95070.15024118342
2023-01-10,196153.81218224703,101055.53935842129,87776.9259229552,103346.42121466981
2023-01-11,190414.86751311336,101055.53935842129,87776.9259229552,100444.4183741441
2023-01-12,197373.53111700603,100959.5365960308,87776.9259229552,103963.19450965403
2023-01-13,199025.25190820612,101762.93590573371,87776.9259229552,104798.4174825463
2023-01-14,217461.9359341587,110730.56487703173,87776.9259229552,114121.2655840364
2023-01-15,210754.06745476616,107467.84823955064,87776.9259229552,110729.30861226641
2023-01-16,203996.53795930374,104180.97641419384,87776.9259229552,107312.23963506568
2023-01-17,199363.0066696423,101927.22029546373,87693.5378433284,104969.20938482069
2023-01-18,183308.67639495342,94118.37153049998,80978.45166127058,96851.04223982916
2023-01-19,179673.4950306422,92350.21421584232,79457.9549646724,94921.99077196153
2023-01-20,174474.04316248564,89821.1935339173,77283.16680492093,94921.99077196153
2023-01-21,175702.4136178354,90418.67464643055,77796.96048737505,94921.99077196153
2023-01-22,178299.00979836445,91681.66267087661,78883.04547715161,94921.99077196153
2023-01-23,192386.9685390479,98534.0655634774,84775.6523598014,94921.99077196153
2023-01-24,200041.6827092429,102257.32927310205,87977.40942299814,94921.99077196153
2023-01-25,195673.922315424,100132.84449090574,86150.49500394487,94921.99077196153
2023-01-26,188955.7811087741,96865.13118447714,83340.48073277886,94921.99077196153
2023-01-27,192903.44758731438,98785.28169701764,84991.68138505475,94921.99077196153
2023-01-28,183163.73212253436,94047.8704330825,80917.82544614753,94831.81488072817
2023-01-29,197282.91485253343,100915.46071788418,86823.49246743994,101783.02662669004
2023-01-30,207020.209584171,105651.69453382329,90896.33588004448,106576.92998546163
2023-01-31,203374.55821258837,103878.44459294256,89371.45986646756,104782.08851903709
2023-02-01,190095.01233549954,97419.25485115222,83816.98991988672,98244.25010111432
2023-02-02,200874.21317463025,102662.27325925416,88325.63409064928,103551.10878535296
2023-02-03,200156.05018787328,102312.95777513077,88025.24620362293,103098.99833404557
2023-02-04,210526.16943020542,107356.99832073251,92362.78275849651,103001.05428562823
2023-02-05,197716.23760971587,101126.22951479809,87004.73949608208,97041.43137582723
2023-02-06,193225.49184828633,98941.92447728479,85126.38366972578,94862.28610159291
2023-02-07,193459.38744726055,99055.69162471042,85224.21578591142,94772.16692979641
2023-02-08,194017.2029628595,99327.01387394371,85457.53472210158,94941.6350702074
2023-02-09,190746.2882651446,97736.03637687412,84089.4007848084,94941.6350702074
2023-02-10,195753.89032757512,100171.7410441869,86183.94343089353,94941.6350702074
2023-02-11,187757.9045941087,96282.48236748653,82839.44182964112,94851.44051689071
2023-02-12,186878.4138472063,95854.6968345345,82471.57496377235,94339.18144405735
2023-02-13,187967.68078344752,96384.5178002333,82927.18545807355,94339.18144405735
2023-02-14,192067.63789365263,98378.7426896331,84642.08510612516,94339.18144405735
2023-02-15,197811.03094551832,101172.33712629869,87044.38894943871,94249.5592216855
2023-02-16,189298.7589385743,97031.9560819858,83483.9389553417,90307.1394969779
2023-02-17,178209.87616605233,91638.30794709254,78845.76332258926,90307.1394969779
2023-02-18,187742.061635949,96274.77633041481,82832.81515461946,90307.1394969779
2023-02-19,190444.64380976296,97589.31609066082,83963.23117950128,90221.34771445578
2023-02-20,185012.2625991029,94946.99824981291,81691.0150621534,87690.81606201152
2023-02-21,197052.1050138255,100803.19448858046,86726.95104016943,87690.81606201152
2023-02-22,198164.03981269986,101344.04113446016,87192.04287991079,87690.81606201152
2023-02-23,207943.63532337124,106100.85010865645,91282.57954859764,87690.81606201152
2023-02-24,208714.6061989236,106475.85142396338,91605.05552763946,87690.81606201152
2023-02-25,226874.6619993422,115308.92803833619,99106.01351233952,87690.81606201152
2023-02-26,243620.41771945878,123454.08710981616,99106.01351233952,87690.81606201152
2023-02-27,241447.6750039021,122397.26200527049,99106.01351233952,87690.81606201152
2023-02-28,251266.87492655608,127173.33462100808,99106.01351233952,87690.81606201152
2023-03-01,258095.75487412614,130494.9114063531,99106.01351233952,87690.81606201152
2023-03-02,272891.94781543827,137691.80040757742,99106.01351233952,87690.81606201152
2023-03-03,262822.52194101334,132794.0175379073,99106.01351233952,87690.81606201152
2023-03-04,270405.0557423756,136482.1726148846,99106.01351233952,87690.81606201152
2023-03-05,282381.225294298,142307.3982838724,99106.01351233952,87690.81606201152
2023-03-06,263461.8145821234,133104.9703752769,99106.01351233952,87690.81606201152
2023-03-07,251533.98277171823,127303.25625156623,99011.86279950281,87690.81606201152
2023-03-08,232062.98309170213,117832.53469530062,91723.74817055084,87690.81606201152
2023-03-09,229805.3256476873,116734.4069477233,90878.69313920726,87690.81606201152
2023-03-10,236733.30934735195,120104.18793709963,93471.8799390863,87690.81606201152
2023-03-11,251647.3021708582,127358.37496626066,99054.2789457813,87690.81606201152
2023-03-12,252646.7590475349,127844.512193011,99428.38178608849,87690.81606201152
2023-03-13,269923.0519611323,136247.7252995828,105895.00420850459,87690.81606201152
2023-03-14,255681.5864321226,129320.65648981664,100564.33629389213,87690.81606201152
2023-03-15,239079.84359028717,121245.54548433902,94350.2021014982,87690.81606201152
2023-03-16,238787.88843480643,121103.53808718867,94240.92149574475,87690.81606201152
2023-03-17,242727.22446014904,123019.63665560872,95715.43913667121,87690.81606201152
2023-03-18,242652.52696239538,122983.3036879234,95687.47940501534,87690.81606201152
2023-03-19,223616.5614436133,113724.18335790295,88562.20073141689,87690.81606201152
2023-03-20,223043.7642030263,113445.57397662068,88264.31256107899,87690.81606201152
2023-03-21,211915.84201202533,108032.93701381878,88264.31256107899,87690.81606201152
2023-03-22,217886.9011650799,110937.26856144912,88264.31256107899,87690.81606201152
2023-03-23,221326.73663707418,112610.40936007278,88264.31256107899,87690.81606201152
2023-03-24,213373.65220952526,108742.0179387482,88264.31256107899,87690.81606201152
2023-03-25,209241.7302890083,106732.24532077576,88180.46146414598,87690.81606201152
2023-03-26,200762.30518065876,102607.84105401345,84782.43423642956,87690.81606201152
2023-03-27,200459.95138922374,102460.77574574882,84661.26960526986,87690.81606201152
2023-03-28,208475.21805402968,106359.41269449804,87873.2909411974,87690.81606201152
2023-03-29,200615.69927728543,102536.53173696907,84723.6836908394,87690.81606201152
2023-03-30,204906.3395899496,104623.50520351568,86360.99224752934,87690.81606201152
2023-03-31,200806.68718014043,102629.42852081583,86278.9493048942,87690.81606201152
2023-04-01,194732.68591948476,99580.30753606964,83797.31413630652,87690.81606201152
2023-04-02,194094.77336291506,99580.30753606964,83536.68425380693,87690.81606201152
2023-04-03,186407.8228345819,99580.30753606964,80396.05158817495,87690.81606201152
2023-04-04,182507.4323052636,99580.30753606964,78802.48156844503,87690.81606201152
2023-04-05,174142.8224926365,99580.30753606964,75384.97982754349,87690.81606201152
2023-04-06,188569.1506878987,99580.30753606964,81202.05526935509,87690.81606201152
2023-04-07,189024.25286150601,99580.30753606964,81202.05526935509,87690.81606201152
2023-04-08,183990.90159367234,99580.30753606964,81202.05526935509,87690.81606201152
2023-04-09,185758.13999549297,99580.30753606964,81202.05526935509,87690.81606201152
2023-04-10,185110.3961350955,99580.30753606964,81202.05526935509,87690.81606201152
2023-04-11,183665.02809208946,99580.30753606964,81202.05526935509,87690.81606201152
2023-04-12,188421.2724738097,99580.30753606964,81202.05526935509,87690.81606201152
2023-04-13,194412.1860278145,99580.30753606964,81202.05526935509,87690.81606201152
2023-04-14,190520.63891996577,99580.30753606964,81202.05526935509,87690.81606201152
2023-04-15,186368.8547164779,99580.30753606964,81202.05526935509,87690.81606201152
2023-04-16,184514.07207359874,99580.30753606964,81202.05526935509,87690.81606201152
2023-04-17,168451.67027959574,99580.30753606964,81202.05526935509,87690.81606201152
2023-04-18,158704.0652103256,99580.30753606964,81202.05526935509,87690.81606201152
2023-04-19,167790.50607092283,99580.30753606964,81202.05526935509,87690.81606201152
2023-04-20,179381.51782029917,99580.30753606964,81202.05526935509,87690.81606201152
2023-04-21,177781.18219441775,99580.30753606964,81202.05526935509,87690.81606201152
2023-04-22,182110.88486852078,99580.30753606964,81202.05526935509,87690.81606201152
2023-04-23,184576.82366734557,99580.30753606964,81202.05526935509,87690.81606201152
2023-04-24,208976.33117684108,99580.30753606964,81202.05526935509,87690.81606201152
2023-04-25,218766.29065957075,99580.30753606964,81202.05526935509,87690.81606201152
2023-04-26,217867.5458725435,99580.30753606964,81202.05526935509,87690.81606201152
2023-04-27,209907.23032767448,99580.30753606964,81202.05526935509,87690.81606201152
2023-04-28,197040.21007344668,99580.30753606964,81202.05526935509,87690.81606201152
2023-04-29,198849.12381691072,99580.30753606964,81202.05526935509,87690.81606201152
2023-04-30,193116.2493045878,99580.30753606964,81202.05526935509,87690.81606201152
2023-05-01,182619.03138775553,99580.30753606964,81202.05526935509,87690.81606201152
2023-05-02,178134.56927537036,99580.30753606964,81202.05526935509,87690.81606201152
2023-05-03,170763.12319366218,99580.30753606964,81202.05526935509,87690.81606201152
2023-05-04,182867.71399288374,99580.30753606964,81202.05526935509,87690.81606201152
2023-05-05,189621.23971574166,99580.30753606964,81202.05526935509,87690.81606201152
2023-05-06,189750.43366188565,99580.30753606964,81202.05526935509,87690.81606201152
2023-05-07,201523.79570978592,99580.30753606964,81202.05526935509,87690.81606201152
2023-05-08,202350.67347268862,99580.30753606964,81202.05526935509,87690.81606201152
2023-05-09,195693.72930838136,99485.70624391038,81202.05526935509,87690.81606201152
2023-05-10,208195.13617784646,105529.07435713419,81202.05526935509,87607.50978675262
2023-05-11,212944.6337251847,107825.05290827839,81202.05526935509,89507.9525986447
2023-05-12,204494.75969367975,103740.25670766164,81202.05526935509,86126.8576081721
2023-05-13,203146.78631993043,103088.62610404624,81202.05526935509,85587.48554128905
2023-05-14,196351.03906770638,99803.45966810443,81202.05526935509,82868.26547891373
2023-05-15,185971.24847761527,94785.71277536762,81202.05526935509,78640.52855766301
2023-05-16,193183.2432948649,98272.09954498458,81202.05526935509,78640.52855766301
2023-05-17,208724.63580179444,105785.04243950636,81202.05526935509,78565.82005553324
2023-05-18,197566.08742754793,100390.83232068378,81202.05526935509,74571.85723566625
2023-05-19,202267.669692584,102663.64790367369,81202.05526935509,76254.68766587155
2023-05-20,197268.59272063285,100247.01890477019,81202.05526935509,74465.37539244833
2023-05-21,193655.57596985242,98500.43226438639,81202.05526935509,73172.17361689496
2023-05-22,189309.91663083545,96399.67517723846,81202.05526935509,71616.73815649947
2023-05-23,183062.168155989,93379.41959268079,81202.05526935509,69380.49072721838
2023-05-24,183601.3217010526,93640.05452572399,81202.05526935509,69573.46916320862
2023-05-25,177776.7718108213,90824.37950226071,81202.05526935509,67488.69658134354
2023-05-26,179890.25047327406,91846.06687633083,81202.05526935509,68245.17089281406
2023-05-27,179708.7385158514,91758.32126600787,81202.05526935509,68180.20258466204
2023-05-28,178177.36719570556,91018.03333663254,81202.05526935509,67632.08109869983
2023-05-29,171996.98586314474,88030.3440419188,81202.05526935509,65419.94629164749
2023-05-30,168242.45093669937,86215.34538685654,81202.05526935509,64076.09112346773
2023-05-31,173577.07697258232,88710.27408046208,81124.91331684921,65985.50598018736
2023-06-01,177267.2420367129,88710.27408046208,82686.13212336712,67306.32133815321
2023-06-02,170640.02593193343,88710.27408046208,82607.58029784993,64934.25161779406
2023-06-03,171490.78242162833,88710.27408046208,82999.21452886438,65238.761637793104
2023-06-04,176900.07113469773,88710.27408046208,85407.87379502844,67174.90039682628
2023-06-05,165638.6804112669,88710.27408046208,85407.87379502844,63084.840556622905
2023-06-06,169447.50938816197,88710.27408046208,85407.87379502844,63084.840556622905
2023-06-07,165180.40650744445,88710.27408046208,85407.87379502844,63084.840556622905
2023-06-08,169162.90678849674,88710.27408046208,85407.87379502844,63024.90995809412
2023-06-09,164240.5021066972,88710.27408046208,85407.87379502844,61222.82641529804
2023-06-10,152953.89648679944,88710.27408046208,85407.87379502844,61222.82641529804
2023-06-11,143456.92964715356,88710.27408046208,85326.73631492317,61222.82641529804
2023-06-12,143876.92493676353,88710.27408046208,85482.90547576803,61222.82641529804
2023-06-13,145524.89130653537,88710.27408046208,85482.90547576803,61222.82641529804
2023-06-14,140495.36251909914,88710.27408046208,85401.69671556605,61222.82641529804
2023-06-15,144274.56414611737,88710.27408046208,87586.14090774879,61222.82641529804
2023-06-16,135132.71601298844,88710.27408046208,82301.99387588317,61222.82641529804
2023-06-17,134910.8493570818,88710.27408046208,82173.75109453237,61222.82641529804
2023-06-18,128660.03489113624,88710.27408046208,78560.6717449344,61222.82641529804
2023-06-19,125474.19160713271,88710.27408046208,76719.19898275296,61222.82641529804
2023-06-20,125838.08485083785,88710.27408046208,76929.53559911744,61222.82641529804
2023-06-21,121702.49549713543,88710.27408046208,74539.09310979312,61222.82641529804
2023-06-22,119964.67006780858,88710.27408046208,73534.59982238001,61222.82641529804
2023-06-23,125016.90844320347,88710.27408046208,76454.88137014219,61222.82641529804
2023-06-24,122287.31548488709,88710.27408046208,74877.12922212525,61222.82641529804
2023-06-25,126570.69494682355,88710.27408046208,77279.8369009503,61222.82641529804
2023-06-26,121099.52536842352,88710.27408046208,77206.4210558944,61222.82641529804
2023-06-27,123817.02838549973,88710.27408046208,78853.8906048761,61222.82641529804
2023-06-28,131297.74978014157,88710.27408046208,83309.4336461872,61222.82641529804
2023-06-29,119056.93965299818,88710.27408046208,83309.4336461872,61222.82641529804
2023-06-30,115437.13002052318,88710.27408046208,83309.4336461872,61222.82641529804
2023-07-01,118250.93543802347,88710.27408046208,83309.4336461872,61222.82641529804
2023-07-02,117411.76585238473,88710.27408046208,83309.4336461872,61222.82641529804
2023-07-03,119287.07196995756,88710.27408046208,83309.4336461872,61222.82641529804
2023-07-04,116556.1988258257,88710.27408046208,83309.4336461872,61222.82641529804
2023-07-05,117077.62092595837,88710.27408046208,83309.4336461872,61222.82641529804
2023-07-06,116467.24237418991,88710.27408046208,83309.4336461872,61222.82641529804
2023-07-07,122158.73854392896,88710.27408046208,83309.4336461872,61164.66473020351
2023-07-08,123531.74509335637,88710.27408046208,83309.4336461872,61759.55921724093
2023-07-09,125336.51935832939,88710.27408046208,83309.4336461872,61759.55921724093
2023-07-10,123411.8574209762,88710.27408046208,83309.4336461872,61759.55921724093
2023-07-11,121149.21252035831,88710.27408046208,83309.4336461872,61759.55921724093
2023-07-12,119190.20991709956,88710.27408046208,83309.4336461872,61759.55921724093
2023-07-13,121206.86396248499,88710.27408046208,83309.4336461872,61759.55921724093
2023-07-14,119302.14706723769,88710.27408046208,83309.4336461872,61700.88763598456
2023-07-15,120813.77620474446,88710.27408046208,83309.4336461872,62444.29145520295
2023-07-16,131402.66039387832,88710.27408046208,83309.4336461872,67651.7968890072
2023-07-17,136198.22216524053,88710.27408046208,83309.4336461872,70010.20534229251
2023-07-18,134568.10115956457,88710.27408046208,83309.4336461872,69208.52842872997
2023-07-19,141333.02092306857,88710.27408046208,83309.4336461872,72535.44709159037
2023-07-20,139183.88063938406,88710.27408046208,83309.4336461872,71478.52178148268
2023-07-21,128415.48193223955,88710.27408046208,83230.28968422333,66182.73293544257
2023-07-22,123463.73970707605,88710.27408046208,80178.47309305824,63747.516525124454
2023-07-23,114676.58138173107,88710.27408046208,74762.84474507882,59426.08152691289
2023-07-24,113188.58156837204,88710.27408046208,73845.77307382281,58694.29836872909
2023-07-25,113385.33095989055,88710.27408046208,73967.03202270075,58791.05771627977
2023-07-26,121370.7024532863,88710.27408046208,78888.50977780687,62718.18211390767
2023-07-27,123091.33167249501,88710.27408046208,79948.9536700071,63564.37004537892
2023-07-28,122139.34836112798,88710.27408046208,79362.23523192316,63096.194345438584
2023-07-29,126385.75983692573,88710.27408046208,81979.34824093594,65184.53627452283
2023-07-30,115803.33952896653,88710.27408046208,75457.27895663555,59980.20971166847
2023-07-31,117016.85518266754,88710.27408046208,76205.18283313047,60577.004354784825
2023-08-01,120801.97003055671,88710.27408046208,78537.99334042055,62438.485298941625
2023-08-02,113978.42131152796,88710.27408046208,74332.56053627907,59082.733512683146
2023-08-03,119433.44916246312,88625.99932008566,77620.9497089444,61765.46066956802
2023-08-04,121182.68031890143,89860.29371236527,77620.9497089444,62625.714742559
2023-08-05,119305.5256392489,88535.73378441714,77620.9497089444,61643.87594049715
2023-08-06,122486.26727863394,90780.13216157448,77620.9497089444,61643.87594049715
2023-08-07,134266.50044311467,98997.77183326062,77620.9497089444,61585.31425835368
2023-08-08,135382.11807550178,98997.77183326062,77620.9497089444,62071.902089018
2023-08-09,136869.79984093053,98997.77183326062,77620.9497089444,62720.76942666482
2023-08-10,134512.30365375333,98997.77183326062,77620.9497089444,61692.52379642728
2023-08-11,130146.65071334943,98997.77183326062,77620.9497089444,59788.40043728034
2023-08-12,134676.4627338974,98903.72395001903,77620.9497089444,61764.12342731537
2023-08-13,130272.96458487338,95828.65298834487,77620.9497089444,59843.493500479904
2023-08-14,130777.1364777244,96180.72860980098,77620.9497089444,60063.39313320567
2023-08-15,128430.55475172414,94542.05292955389,77620.9497089444,59039.90795478672
2023-08-16,131045.88398898904,96368.40160066966,77620.9497089444,60180.61005834774
2023-08-17,132939.48245636153,97690.74794056274,77620.9497089444,60948.539150842334
2023-08-18,138711.41214977426,101721.42827523538,77620.9497089444,60890.63803864904
2023-08-19,136046.2562454203,99860.28441813399,77620.9497089444,59721.356304267654
2023-08-20,134720.18853463023,98934.25875111559,77620.9497089444,59721.356304267654
2023-08-21,129677.34468520363,95412.71697663658,77620.9497089444,59721.356304267654
2023-08-22,127520.56821408716,93906.5869698323,77620.9497089444,59721.356304267654
2023-08-23,129589.23155801416,95351.18541477533,77620.9497089444,59664.621015778604
2023-08-24,133706.7856067987,98226.57458493942,77620.9497089444,61467.321857649724
2023-08-25,128993.57827835147,94935.22609299778,77620.9497089444,59347.36434218249
2023-08-26,133693.09791979584,98217.01613676695,77620.9497089444,59290.98434605742
2023-08-27,141284.04584177435,103517.96159796367,77620.9497089444,62492.17888104779
2023-08-28,143783.6543681563,105263.49965314235,77620.9497089444,63546.29402404611
2023-08-29,155148.32613103828,113199.7292016304,77620.9497089444,68338.91353787028
2023-08-30,150570.29238060233,110002.77574074385,77547.20980672092,66408.30134377722
2023-08-31,143400.84862365943,104996.17699533101,74036.06512289788,63384.86021237442
2023-09-01,133686.16971263915,98212.17799946725,69278.42361403679,59288.0626373176
2023-09-02,142072.40308395305,104068.49083195157,73385.47566957085,62824.63866357055
2023-09-03,145986.1033703364,106801.52391066893,75302.1610388234,64475.093402179155
2023-09-04,145807.61509553765,106676.88116250413,75214.74865671531,64399.82273826229
2023-09-05,147597.17803796474,107926.57693893257,76091.16454401266,65154.503072023006
2023-09-06,141240.9406682417,103487.86019609128,72978.27743499422,62414.43789541701
2023-09-07,155912.86761724562,113733.62730801485,80163.66866685198,62355.14417941637
2023-09-08,156877.64300289907,114407.35366659604,80636.1552475773,62662.387962706176
2023-09-09,157723.25542898962,114997.86560240286,81050.28327132633,62602.858694141614
2023-09-10,162531.62761549526,118355.67005314902,83405.12292316718,64417.675909715625
2023-09-11,165854.84590726066,120676.35504550608,85032.62718066495,65671.95355983845
2023-09-12,167514.23698059225,121835.14860711899,85845.29303634858,66298.25522086702
2023-09-13,162462.85098869028,118307.64164464909,83371.44043736151,64391.717643276694
2023-09-14,165721.4058767636,120583.1705932775,84967.27660821151,65621.58947502979
2023-09-15,178857.44295715253,129756.38806955419,91312.8919646681,70579.5056498243
2023-09-16,188935.53690900834,136794.16871838784,91312.8919646681,74383.26660978692
2023-09-17,201569.3210711309,145616.65064031453,91312.8919646681,79151.61816535328
2023-09-18,197686.9502846956,142905.49572124972,91312.8919646681,77686.30036814994
2023-09-19,190204.63664021422,137680.41224542656,91312.8919646681,74862.26115329095
2023-09-20,189439.37466401252,137146.0110031749,91312.8919646681,74573.4293917371
2023-09-21,190052.06239107938,137573.86589815086,91312.8919646681,74804.67526699865
2023-09-22,198753.568472,143650.3414107387,91312.8919646681,78088.8725846262
2023-09-23,185929.4169186326,134694.92126173532,91226.14471730168,73248.6709297924
2023-09-24,197857.90776900676,143024.87953336796,96791.50260232372,77750.82461328423
2023-09-25,196808.03648773048,142291.7286198689,96301.67455225434,77354.57315821925
2023-09-26,193669.59272374702,140100.07622060267,94837.40191561685,76170.03470069871
2023-09-27,186171.70662894275,134864.11812006767,91339.18742879372,73340.11799760911
2023-09-28,174421.56126033652,126658.70288071764,85857.03842959517,68905.2770008391
2023-09-29,180440.6578369693,130861.9859234091,88665.30873081452,71177.05623625935
2023-09-30,181151.6773875712,131358.5083470016,88997.04208350623,71445.41535468685
2023-10-01,172213.71609986876,125116.91035326263,84826.9459705536,68071.973077781
2023-10-02,163683.23891283447,119159.86851985406,80846.96568039201,64852.32695730425
2023-10-03,161661.0245735501,117747.70655621323,79903.48115586073,64089.085416473994
2023-10-04,172994.97764574035,125662.48448816144,85191.45143558855,68366.84353462557
2023-10-05,171379.24521524363,124534.17882963474,84437.61515110428,67757.0198943392
2023-10-06,161540.06476680672,117663.23735090003,79847.0461363202,64043.43172512988
2023-10-07,160119.98947368204,116671.56387915202,79184.49566543072,63507.45468562228
2023-10-08,158541.20462086948,115569.05962201023,78447.89764648868,62911.57611810775
2023-10-09,142471.08400813024,104346.89951782383,70950.22056501966,56846.25288331374
2023-10-10,142304.2349281059,104230.38470537213,70872.37544154428,56783.27926748578
2023-10-11,141136.83545577544,103415.16096811842,70327.71342689378,56342.669311005484
2023-10-12,145267.68422803047,106299.83417036428,72187.22653822336,57901.76980822993
2023-10-13,156575.19634304888,114196.14773220346,72187.22653822336,62169.54835275235
2023-10-14,163956.1450085659,119350.44555244202,72187.22653822336,64955.32952481731
2023-10-15,162364.43963041628,118125.53549710342,72187.22653822336,64354.57438142503
2023-10-16,155490.1521840827,118125.53549710342,72187.22653822336,61760.0216474619
2023-10-17,172520.62451633843,118125.53549710342,72187.22653822336,68187.80909383998
2023-10-18,173102.7812055664,118125.53549710342,72187.22653822336,68407.5316820243
2023-10-19,173372.54193095735,118125.53549710342,72187.22653822336,68509.34709679174
2023-10-20,173378.60947199646,118125.53549710342,72187.22653822336,68511.63716035313
2023-10-21,174932.6578749828,118125.53549710342,72187.22653822336,69098.17948407133
2023-10-22,174099.44714115094,118125.53549710342,72187.22653822336,68783.70191758787
2023-10-23,170320.19933991524,118125.53549710342,72187.22653822336,67357.30568502269
2023-10-24,166801.72528719812,118125.53549710342,72187.22653822336,65966.37718226871
2023-10-25,166750.00295401132,118125.53549710342,72187.22653822336,65903.70912394556
2023-10-26,163327.71627066302,118125.53549710342,72118.64867301205,64617.54386054956
2023-10-27,158895.20237546443,118125.53549710342,70257.52952316451,62951.714568905656
2023-10-28,159732.74732600778,118125.53549710342,70609.19699295018,63266.481074927186
2023-10-29,158270.08948970644,118125.53549710342,69995.05779944111,62716.78437346786
2023-10-30,168251.9772499185,118125.53549710342,74186.24205772016,66468.18175428038
2023-10-31,151475.50488911392,118125.53549710342,67142.15495143879,60163.24064640131
2023-11-01,158393.77859366455,118125.53549710342,69980.48603811546,62763.26926608236
2023-11-02,166655.30038753725,118125.53549710342,69980.48603811546,65868.11796440126
2023-11-03,153544.74155080479,118125.53549710342,69980.48603811546,60940.90206470436
2023-11-04,151605.91607589877,118125.53549710342,69980.48603811546,60212.25183509484
2023-11-05,149519.5064213982,118125.53549710342,69980.48603811546,59428.13645519708
2023-11-06,141475.4769465679,118125.53549710342,69980.48603811546,56405.02581440823
2023-11-07,137278.77698099843,118125.53549710342,69980.48603811546,54827.82021591942
2023-11-08,131445.28651984636,118125.53549710342,69914.00457637926,52635.47530455008
2023-11-09,141130.00836257587,118125.53549710342,74740.8945483272,56275.19166156325
2023-11-10,146658.77740928877,118125.53549710342,74740.8945483272,58353.01603899499
2023-11-11,154465.51232239974,118125.53549710342,74740.8945483272,61286.94653483539
2023-11-12,159148.50066121863,118125.53549710342,74740.8945483272,63046.90924035149
2023-11-13,152273.1065020678,118125.53549710342,74740.8945483272,60462.99562999205
2023-11-14,149260.76116295354,118125.53549710342,74740.8945483272,59330.89470011583
2023-11-15,152363.6097721166,118125.53549710342,74740.8945483272,60497.00860813526
2023-11-16,145239.58967073183,118125.53549710342,74740.8945483272,57819.65628849519
2023-11-17,149590.96338989912,118125.53549710342,74740.8945483272,59454.991444044346
2023-11-18,148308.06677513666,118125.53549710342,74740.8945483272,58972.8526827114
2023-11-19,146247.26869383568,118125.53549710342,74740.8945483272,58198.3626553449
2023-11-20,150616.55090095705,118125.53549710342,74740.8945483272,59840.42818659243
2023-11-21,153470.4041392906,118125.53549710342,74740.8945483272,60855.287232770715
2023-11-22,151421.76590357802,118125.53549710342,74740.8945483272,60855.287232770715
2023-11-23,158767.7253089529,118125.53549710342,74740.8945483272,60855.287232770715
2023-11-24,152200.655754759,118125.53549710342,74740.8945483272,60855.287232770715
2023-11-25,156153.13778363247,118125.53549710342,74740.8945483272,60797.47470989959
2023-11-26,160061.99813474575,118125.53549710342,74740.8945483272,62244.65074271117
2023-11-27,158250.52379648588,118125.53549710342,74740.8945483272,61573.989217124494
2023-11-28,160488.88564248916,118125.53549710342,74740.8945483272,62402.69715890943
2023-11-29,152807.68176248946,118125.53549710342,74740.8945483272,59558.887669755146
2023-11-30,158719.93429234522,118125.53549710342,74740.8945483272,61747.77890469018
2023-12-01,157707.98772700754,118125.53549710342,74740.8945483272,61373.12627341221
2023-12-02,154599.24047061068,118125.53549710342,74740.8945483272,60222.17583839731
2023-12-03,161385.60964796058,118125.53549710342,74740.8945483272,62674.94124205729
2023-12-04,157059.20633672463,118125.53549710342,74740.8945483272,62615.400047877345
2023-12-05,148603.90236849934,118125.53549710342,74740.8945483272,59409.991672495
2023-12-06,139772.93679321447,118125.53549710342,74740.8945483272,56062.16986453785
2023-12-07,143345.76143452947,118125.53549710342,74740.8945483272,57416.62880203802
2023-12-08,136325.0966587387,118125.53549710342,74740.8945483272,54755.092592619534
2023-12-09,146384.13338307006,118125.53549710342,74740.8945483272,58568.47655677025
2023-12-10,134822.22257755487,118125.53549710342,74740.8945483272,54185.35255901754
2023-12-11,144432.9369310174,118125.53549710342,74740.8945483272,57828.77737233767
2023-12-12,145802.94149403405,118125.53549710342,74740.8945483272,58348.14653010046
2023-12-13,145385.30147953678,118125.53549710342,74740.8945483272,58189.81907015399
2023-12-14,142392.98089283003,118125.53549710342,74740.8945483272,57055.4294010772
2023-12-15,144829.34972075484,118125.53549710342,74740.8945483272,57979.05758474731
2023-12-16,144756.1731841434,118125.53549710342,74740.8945483272,57951.31633686111
2023-12-17,151438.9900707181,118125.53549710342,74740.8945483272,60484.77430595045
2023-12-18,152284.72265216327,118125.53549710342,74740.8945483272,60805.39179174227
2023-12-19,153356.3064770571,118125.53549710342,74740.8945483272,61211.62955447051
2023-12-20,151293.17730453084,118125.53549710342,74740.8945483272,60429.49664074399
2023-12-21,151099.9745739051,118125.53549710342,74740.8945483272,60356.2534252166
2023-12-22,153124.8760395555,118125.53549710342,74740.8945483272,61123.89420332596
2023-12-23,143143.4158971242,118125.53549710342,74740.8945483272,57285.653831927055
2023-12-24,135764.2083869132,118125.53549710342,74740.8945483272,57285.653831927055
2023-12-25,140001.0864493205,118125.53549710342,74740.8945483272,57285.653831927055
2023-12-26,141102.2493773833,118125.53549710342,74740.8945483272,57285.653831927055
2023-12-27,140207.78025063121,118125.53549710342,74740.8945483272,57285.653831927055
2023-12-28,140451.5829892492,118125.53549710342,74740.8945483272,57285.653831927055
2023-12-29,142560.44604486017,118125.53549710342,74740.8945483272,57285.653831927055
2023-12-30,139655.08515909672,118125.53549710342,74740.8945483272,57285.653831927055
2023-12-31,135509.7395468439,118125.53549710342,74669.8906985063,57285.653831927055
2024-01-01,136712.10980307686,118125.53549710342,75228.2699798965,57285.653831927055
2024-01-02,131596.76222175686,118125.53549710342,75156.80312341561,57285.653831927055
2024-01-03,133897.22467567815,118125.53549710342,76333.40962710821,57231.23246078673
2024-01-04,125207.1018964137,118125.53549710342,76260.89288796246,53648.317726376656
2024-01-05,130599.50243064265,118125.53549710342,79384.03284557934,53648.317726376656
2024-01-06,133224.9837567002,118125.53549710342,80827.48373871238,53648.317726376656
2024-01-07,134731.04010126792,118125.53549710342,80827.48373871238,53648.317726376656
2024-01-08,140272.66491093903,118125.53549710342,80827.48373871238,53597.35182453661
2024-01-09,150085.79732866693,118125.53549710342,80827.48373871238,57162.801613794916
2024-01-10,156457.11007150583,118125.53549710342,80827.48373871238,59477.71949212856
2024-01-11,145495.7601195819,118125.53549710342,80827.48373871238,55495.082632416976
2024-01-12,138374.51242508017,118125.53549710342,80827.48373871238,52907.68749590091
2024-01-13,135094.03943464425,118125.53549710342,80827.48373871238,51666.69407723985
2024-01-14,135370.4055892772,118125.53549710342,80827.48373871238,51617.61071786648
2024-01-15,138340.92743348228,118125.53549710342,80827.48373871238,52694.67915517298
2024-01-16,134517.10620555645,118125.53549710342,80827.48373871238,51259.44268579965
2024-01-17,135661.395907927,118125.53549710342,80827.48373871238,51259.44268579965
2024-01-18,131755.34131949302,118125.53549710342,80827.48373871238,51259.44268579965
2024-01-19,128700.24468497642,118125.53549710342,80827.48373871238,51259.44268579965
2024-01-20,121780.41816280325,118125.53549710342,80827.48373871238,51259.44268579965
2024-01-21,117482.60053735694,118125.53549710342,80827.48373871238,51259.44268579965
2024-01-22,111410.64259135915,118125.53549710342,80750.69762916061,51259.44268579965
2024-01-23,107252.72095995847,118125.53549710342,77884.9873301232,51259.44268579965
2024-01-24,111981.49110043418,118125.53549710342,81144.1361296105,51259.44268579965
2024-01-25,107916.485335278,118125.53549710342,78342.46502573973,51259.44268579965
2024-01-26,120019.34362267592,118125.53549710342,86601.24140900587,51259.44268579965
2024-01-27,122533.64467483714,118125.53549710342,86601.24140900587,51259.44268579965
2024-01-28,123566.45241971425,118125.53549710342,86601.24140900587,51259.44268579965
2024-01-29,119515.34538879547,118125.53549710342,86601.24140900587,51259.44268579965
2024-01-30,123033.56097365095,118125.53549710342,86601.24140900587,51210.746215248146
2024-01-31,120353.30898695045,118125.53549710342,86601.24140900587,50149.90711648437
2024-02-01,121063.11862709271,118125.53549710342,86601.24140900587,50430.848543887
2024-02-02,134251.57063713623,118125.53549710342,86601.24140900587,55650.81502981698
2024-02-03,133870.51632142303,118125.53549710342,86601.24140900587,55499.99439098635
2024-02-04,140308.55612248252,118125.53549710342,86601.24140900587,58048.159404668135
2024-02-05,136553.5591953367,118125.53549710342,86601.24140900587,56561.93811808011
2024-02-06,136499.01153590393,118125.53549710342,86601.24140900587,56540.34824885905
2024-02-07,146664.75418757438,118125.53549710342,86601.24140900587,60563.931600862605
2024-02-08,143175.4378208816,118125.53549710342,86601.24140900587,59182.866220401535
2024-02-09,154094.90187249478,118125.53549710342,86601.24140900587,63504.77119835733
2024-02-10,158678.27679366217,118125.53549710342,86601.24140900587,65318.86306165757
2024-02-11,155303.3133243767,118125.53549710342,86601.24140900587,63983.058360128394
2024-02-12,159441.38690722897,118125.53549710342,86601.24140900587,65620.90072421718
2024-02-13,165932.0807408013,118013.31623838119,86601.24140900587,68189.90611286159
2024-02-14,170281.15961004124,120954.58235552868,86601.24140900587,69911.2640042055
2024-02-15,160074.92104387638,114052.14057860342,86601.24140900587,65871.65243931412
2024-02-16,155641.6851250884,111053.95935694828,86518.97022966732,64116.98533337391
2024-02-17,154262.5050792199,110121.22494115052,85789.94465530007,63571.10825757954
2024-02-18,153957.7774688161,109915.13877385214,85628.86762850746,63450.49759664419
2024-02-19,157985.81909618128,112639.28857964755,87758.06415347307,65044.7895031367
2024-02-20,159271.98152492454,113509.11552152403,88437.92122228215,65490.81079231566
2024-02-21,151138.93938474188,108008.76889745085,84138.84820758668,65490.81079231566
2024-02-22,153608.54584418674,109678.95470466367,85444.26607014291,65490.81079231566
2024-02-23,157563.86781159762,112353.924470661,87535.02345728542,65490.81079231566
2024-02-24,161292.9866300362,114875.91387514547,89506.21133564827,65490.81079231566
2024-02-25,168587.30276624736,119809.03317333598,93361.93925655869,65490.81079231566
2024-02-26,174480.086753515,123794.30141025085,96476.82642724326,65490.81079231566
2024-02-27,177892.21306089446,126101.90994002596,98280.45413234427,65490.81079231566
2024-02-28,177571.1180632761,125884.75456867593,98110.72541145218,65490.81079231566
2024-02-29,166323.17889213888,118277.81448630772,92165.13814802674,65490.81079231566
2024-03-01,169375.38848005334,120342.01265637547,93778.51622334348,65490.81079231566
2024-03-02,170959.21046001415,121413.14566299909,94615.7141889719,65490.81079231566
2024-03-03,172999.40344808105,122792.9207116157,95694.14689208493,65490.81079231566
2024-03-04,164550.61340942953,117079.03493977137,91228.17159822288,65490.81079231566
2024-03-05,157744.39053251248,112476.01132591616,87630.44658981662,65490.81079231566
2024-03-06,164696.1161752837,117177.43792762818,91305.08341098193,65490.81079231566
2024-03-07,164600.25699047412,117112.60871188507,91254.41287128442,65490.81079231566
2024-03-08,169318.21567916553,120303.34690044656,93748.29505379405,65490.81079231566
2024-03-09,169679.71192236777,120547.82548627468,93939.37960952088,65490.81079231566
2024-03-10,170051.75945038794,120799.4398673966,94136.04150556508,65490.81079231566
2024-03-11,176731.95572303465,125317.2321501713,97667.14967316149,65490.81079231566
2024-03-12,173294.49338527818,122992.48895580825,95850.12950769742,65490.81079231566
2024-03-13,174136.11303870656,123561.67324622489,96295.00416570703,65490.81079231566
2024-03-14,171116.7788555171,121519.70859201471,94699.00381484619,65428.594522062966
2024-03-15,168336.74228617473,119639.58003797295,93229.49462146852,64417.80231531721
2024-03-16,166434.11188199336,118352.838061217,92223.77660272829,63665.51210764352
2024-03-17,168087.5303202664,119471.03889780228,93097.76280216781,63605.02987114126
2024-03-18,165064.26991028705,117426.41895078814,91499.68707344086,62517.18265977529
2024-03-19,173740.90846423802,123294.39783936864,96086.1016059886,65639.26140092168
2024-03-20,167801.35441462928,119277.49918051921,92946.49208548208,63441.67712298211
2024-03-21,166718.37303246692,118545.08283659293,92374.03519232657,63441.67712298211
2024-03-22,163975.45590429442,116690.05802471888,90924.14709338115,63441.67712298211
2024-03-23,173920.07817797046,123415.56966081972,96180.8095477503,63381.40752971528
2024-03-24,175468.2410651735,124462.58655356035,96999.15834958966,63917.901927027204
2024-03-25,183044.96728353613,129586.69875639737,101004.16639745979,66543.51141535543
2024-03-26,172657.42527676004,122561.64212634454,95513.37946181707,62943.85266204056
2024-03-27,174686.23839068305,123933.72100773973,96585.79683770082,63646.90973556276
2024-03-28,181195.52069110895,128335.92479682312,100026.56099463748,65902.61132456627
2024-03-29,181974.76663946416,128862.92597885094,100438.46531907633,66172.64821078558
2024-03-30,190088.02372269964,134349.8920413445,104727.08008174879,68984.18503619733
2024-03-31,186381.51141144065,131843.19133490243,102767.84185559444,67699.74455193366
2024-04-01,197387.658983825,139286.60864424094,108481.28182862017,71513.77249264998
2024-04-02,216615.8551827089,152290.5673384932,108481.28182862017,78177.03746068738
2024-04-03,213708.29758388267,150324.19677907013,108481.28182862017,77169.46366175066
2024-04-04,210143.76440668813,147913.5160412056,108481.28182862017,75934.22407914302
2024-04-05,222945.4823909697,156571.27104646846,108481.28182862017,80370.48206679082
2024-04-06,237723.95648277746,166565.8989702827,108481.28182862017,85491.75749369262
2024-04-07,233036.65358836448,163395.89318315987,108481.28182862017,83867.43762261003
2024-04-08,229381.89540031756,160924.1936007726,108481.28182862017,82600.93181264358
2024-04-09,227037.8845150693,159338.94762057945,108481.28182862017,81788.64731882926
2024-04-10,215365.9932928119,151445.29031814093,108378.22461088299,77743.91514075188
2024-04-11,207803.47418060855,146330.78632918675,104759.39804095018,75123.22892821037
2024-04-12,199822.03925695736,140932.9711106149,100940.11132717642,72357.37324568295
2024-04-13,193972.28036121794,136976.80058558425,98140.87702369645,70330.22035425842
2024-04-14,193897.15092690152,136925.99082420737,98104.92598819433,70304.18528978481
2024-04-15,195918.04968104715,138292.71725305985,99071.96911207154,71004.49975158703
2024-04-16,208662.15851478928,146911.51140072185,105170.29679540146,75420.79408634419
2024-04-17,200694.19186719708,141522.80472794082,101357.45493876196,72659.60564826941
2024-04-18,208962.58398573523,147114.68804685515,105314.05678600953,75524.90237062394
2024-04-19,207388.87585635713,146050.3950003535,104561.00390674832,74979.55562358953
2024-04-20,207186.0350675426,145913.214517485,104463.94026629502,74909.26395877516
2024-04-21,213067.68591483886,149890.95345259598,107278.43554828606,76947.46856411883
2024-04-22,203914.5449167927,143700.71770556492,102898.4625061525,73775.57437659604
2024-04-23,207264.84055304585,145966.51037882135,104501.65037063517,74936.57290785242
2024-04-24,208858.18621332,147044.08421557437,105264.10022695127,75488.72476912246
2024-04-25,213226.19217554468,149998.15065641474,107354.28417216819,77002.39671251358
2024-04-26,215922.65894123836,151821.76125820068,108644.60098748529,77936.8199080896
2024-04-27,238443.4770415279,167052.50808997743,119307.19213356076,85741.09737369567
2024-04-28,232670.36033518295,163148.1703970448,119307.19213356076,83740.5037710564
2024-04-29,228008.47769461514,159995.356234533,119193.85030103389,82124.99293672238
2024-04-30,222617.97595088257,156349.77964004927,116514.25982241884,80256.98924788741
2024-05-01,217943.99046609577,153188.78036830114,114190.84586252511,78637.28434058555
2024-05-02,212670.20239464674,149622.13680309016,111569.27314549203,76809.72615770307
2024-05-03,223252.46953959597,156778.88533119444,116829.66329687934,80476.86420955248
2024-05-04,236541.44870775414,165766.17329123395,123435.54596650513,85081.97580901219
2024-05-05,231433.7370787241,162311.84661601967,120896.52898824826,83311.9691161052
2024-05-06,224079.15875070175,157337.97221812914,117240.60621910889,80763.34190110711
2024-05-07,228573.0833868536,160377.19699715404,119474.51286437563,82320.6492162264
2024-05-08,223803.19618106892,157151.3397425944,117103.42665601868,80667.71089632099
2024-05-09,229771.273231063,161187.52840218082,120070.1268258867,82735.86530469352
2024-05-10,231875.65791730105,162610.71606126265,121116.20554669277,83465.1106594865
2024-05-11,218453.13494154596,153533.1129130536,114443.93894244888,78738.01939683774
2024-05-12,232635.23554553604,163124.41563039954,121493.78764890692,78663.21827841076
2024-05-13,250211.56528220404,175011.22308379208,130230.89006541825,84314.67997148298
2024-05-14,244397.32290525507,171079.07225039235,127340.66031421801,82445.17885493228
2024-05-15,240877.18820579463,168698.41804047517,125590.81959946755,81313.32102644879
2024-05-16,243891.10305717593,170736.71762042382,127089.02105140247,82282.40982848853
2024-05-17,247423.16721671805,173125.43968052015,128844.79183893088,83418.10343427483
2024-05-18,254281.4868213033,177763.69612056954,132254.02696868716,85623.31527911744
2024-05-19,275848.0169393515,192349.06148363586,142974.63731414854,92557.77888105846
2024-05-20,274176.5279917319,191218.63962773624,142007.45709032618,92020.3313081355
2024-05-21,265825.5514185906,185570.90474451822,141872.55000609037,89335.17320573644
2024-05-22,251808.1537108971,176090.98999295494,134758.68813981378,84828.0441652337
2024-05-23,244797.24614902932,171349.53887602483,131200.63628222916,82573.76946094737
2024-05-24,244717.68065910018,171295.72902647767,131160.25661144563,82548.18611532506
2024-05-25,263192.9824862507,183790.5080134974,140536.51516362897,88488.70168987426
2024-05-26,258057.66942531988,180317.51459093834,137930.33186788805,86837.50229383438
2024-05-27,260638.5555527113,182062.95843018492,139240.13756689985,87667.35581283756
2024-05-28,260727.99185305985,182123.44387268147,139285.52669687802,87696.11300122458
2024-05-29,273694.7455474165,190892.81192446698,145866.184288198,91777.41652089228
2024-05-30,303108.4659981921,210785.20338073728,160639.8874263219,91690.22797519744
2024-05-31,297036.7783982267,206678.94328552688,160487.2795332669,89943.71914704224
2024-06-01,291569.4962381728,202981.44037658063,157678.36672562643,88371.06633819155
2024-06-02,304309.36181354994,211597.3648241451,164223.69775751562,92035.66326129963
2024-06-03,313036.7140963503,217499.6412218818,168707.52919081162,94546.06873875174
2024-06-04,337372.8754837951,233958.0980727307,181037.33080808137,101546.3170234007
2024-06-05,345691.2036401336,239583.75295119197,181037.33080808137,103939.06752667429
2024-06-06,341099.49806495657,236478.3992810835,181037.33080808137,102618.27257612678
2024-06-07,349603.76428620523,242229.80339211813,181037.33080808137,105064.50779291849
2024-06-08,365822.61386932986,253198.55198744842,181037.33080808137,109729.82752702502
2024-06-09,378406.0561232432,261708.68791537778,181037.33080808137,113349.4295937002
2024-06-10,386549.06342198275,267215.7739397002,181037.33080808137,115691.74940196272
2024-06-11,403802.4569498946,278884.18081739097,181037.33080808137,120654.65363839042
2024-06-12,423561.0307290537,292246.8319274537,181037.33080808137,126338.1679775099
2024-06-13,448085.460241732,308832.61382214236,181037.33080808137,133392.5712128817
2024-06-14,460324.8192953897,317110.0475414386,181037.33080808137,136913.19843327694
2024-06-15,457715.42398194055,315345.32304403424,181037.33080808137,136162.61107579962
2024-06-16,460870.0856629827,317478.80918960384,181037.33080808137,137070.04321638183
2024-06-17,484141.1769510823,333216.96303152194,181037.33080808137,143763.92621123538
2024-06-18,469045.1935229295,323007.60470594955,181037.33080808137,139421.5966870511
2024-06-19,476489.6765109034,328042.2812962214,181037.33080808137,141562.9873705279
2024-06-20,469520.7553980457,323329.22546104307,181037.33080808137,139558.39111192056
2024-06-21,470531.21354128723,324012.59460399713,181037.33080808137,139849.04738146623
2024-06-22,495714.60726336093,341044.0315810104,181037.33080808137,147093.00035736716
2024-06-23,500018.11874931236,343954.4806436635,181037.33080808137,148330.8968529517
2024-06-24,501448.9447779534,344922.14304853266,181037.33080808137,148742.4711063092
2024-06-25,475376.70436641184,327289.582309529,181037.33080808137,141242.84315298672
2024-06-26,490270.7032612251,337362.33923467586,180865.3453438137,145527.07222901387
2024-06-27,503597.3607742015,346375.10892137437,185540.29606850422,149360.45868261645
2024-06-28,549664.037330783,377529.83362498606,201507.52494456855,162611.44631417678
2024-06-29,543481.7465388359,373348.7729959603,201507.52494456855,160833.12269844598
2024-06-30,548815.3982636768,376955.9021307975,201507.52494456855,162367.33697913346
2024-07-01,554872.013822223,381051.9690595753,201316.09279587123,164109.5103646356
2024-07-02,591602.8880686982,405892.9248395388,213784.22634047014,174675.07308194228
2024-07-03,589941.7429855847,404769.4985013354,213784.22634047014,174197.24801193684
2024-07-04,597159.7421270235,409651.0048953604,213784.22634047014,176273.49106867966
2024-07-05,612470.3375409773,420005.5045212285,213784.22634047014,180677.55330253622
2024-07-06,617676.5123830958,423526.4215069774,213784.22634047014,182175.0991121611
2024-07-07,607351.3980846318,416543.58450750617,213784.22634047014,179205.10057763805
2024-07-08,612697.3734037502,420159.0480440361,213784.22634047014,180742.85971564005
2024-07-09,640222.9037314319,438774.4634327836,213784.22634047014,188660.523614755
2024-07-10,615082.1221356265,421771.8448807612,213784.22634047014,181428.82793198532
2024-07-11,618981.000149151,424408.6418073883,213784.22634047014,182550.3324162673
2024-07-12,602489.2031902606,413255.2999010969,213581.1313254467,177633.19509628147
2024-07-13,632621.0655976865,433633.3681335087,223525.1250630522,177464.44356094004
2024-07-14,595823.2925857469,408747.1689633803,223312.77619424232,167489.70966179945
2024-07-15,583233.2897543702,400232.59614093095,218825.75312410697,167489.70966179945
2024-07-16,592692.5121550444,406629.8336199853,222196.97946184757,167489.70966179945
2024-07-17,631625.5260318825,432960.08836985833,236072.53880802225,167489.70966179945
2024-07-18,630596.8084663929,432264.3704464862,235705.9082749852,167489.70966179945
2024-07-19,617363.9404824374,423315.03027489805,230989.7708186784,167489.70966179945
2024-07-20,666276.6586760639,456394.5225181922,248422.05402761188,167489.70966179945
2024-07-21,629410.9812721071,431462.3998563427,235283.28454334522,167489.70966179945
2024-07-22,576994.1878576338,396013.11436972354,216602.16393810514,167489.70966179945
2024-07-23,587827.0496722257,403339.3391554718,220462.94947792438,167489.70966179945
2024-07-24,576716.3795662335,395825.23363931465,216503.1542532557,167489.70966179945
2024-07-25,554186.5094588445,380588.36496827623,208473.6050710214,167489.70966179945
2024-07-26,570683.9464989669,391745.5212408563,214353.2209526519,167489.70966179945
2024-07-27,576853.0624082489,395917.6717449693,216551.86743256383,167489.70966179945
2024-07-28,564547.4467436927,387595.42892229004,212166.19873029197,167489.70966179945
2024-07-29,536900.2134720891,368897.70627812657,202312.84324049536,167489.70966179945
2024-07-30,556524.1400718507,382169.2959937105,209306.7266064569,167489.70966179945
2024-07-31,571759.5839689833,392472.9709238846,214736.57353864473,167489.70966179945
2024-08-01,570065.6677250628,391327.38156960375,214132.86904650548,167330.59443762075
2024-08-02,614382.0958685658,421298.41967916704,229927.05417332103,179700.07886385
2024-08-03,589228.2618492916,404286.9738209381,220962.33549465984,172679.20711954217
2024-08-04,554902.6223237868,381072.66947712423,208728.82462806624,162943.44228130011
2024-08-05,540295.5584467875,371193.9656540465,203522.9296429044,162943.44228130011
2024-08-06,539850.8402433207,370893.2043611698,203364.43398048155,162943.44228130011
2024-08-07,545676.5809200034,374833.13145258377,205440.70299860716,162943.44228130011
2024-08-08,540977.1358986117,371654.9139894379,203765.8409266729,162788.6460111329
2024-08-09,549198.1092481632,376843.30749783583,206695.76060758627,165141.01162366648
2024-08-10,522903.87626576924,376843.30749783583,197324.60862424594,157467.5029172601
2024-08-11,554545.1556355193,376843.30749783583,208601.42503185137,157467.5029172601
2024-08-12,553278.8871969904,376843.30749783583,208150.13238539515,157467.5029172601
2024-08-13,579145.6639748757,376843.30749783583,217368.94080878625,157317.90878948872
2024-08-14,587727.2844349848,376843.30749783583,220427.39357479292,159534.55324950992
2024-08-15,599162.6919082215,376843.30749783583,224502.92380588505,162488.33485071958
2024-08-16,613588.1013377492,376843.30749783583,229644.07792422464,166214.43810174745
2024-08-17,625300.4165317165,376843.30749783583,233818.29688063782,169239.74535104982
2024-08-18,642226.5423169872,376843.30749783583,239621.80880621096,173611.7871030647
2024-08-19,677972.8292629919,376843.30749783583,239621.80880621096,182845.10256994114
2024-08-20,684006.9368003408,376843.30749783583,239621.80880621096,184403.72091084902
2024-08-21,704387.2031219527,376843.30749783583,239621.80880621096,189667.97195126186
2024-08-22,702565.6028053713,376843.30749783583,239621.80880621096,189197.45006452815
2024-08-23,744969.6432561036,376485.30635571294,239621.80880621096,200150.47249013596
2024-08-24,725809.6411418044,367277.81353759405,239621.80880621096,195201.41738590738
2024-08-25,780804.9661983902,393706.2584546601,239621.80880621096,209406.7860782668
2024-08-26,780331.6935641341,393478.8234911914,239621.80880621096,209284.5391008247
2024-08-27,737663.7322217774,372974.39216180635,239621.80880621096,198263.34554308376
2024-08-28,742195.1767069717,375152.014184196,239621.80880621096,199433.82393474542
2024-08-29,722971.7757185725,365914.0545282099,239621.80880621096,194468.3928134582
2024-08-30,748443.65636035,378154.7712397239,239621.80880621096,201047.81489036963
2024-08-31,729887.9041923103,369237.6555837444,239394.1680878451,196254.8383848242
2024-09-01,717694.2402552258,363377.8924972116,235591.15340270384,193105.19808796642
2024-09-02,666114.7812327582,338590.9694228455,219504.32001725107,179782.15232702764
2024-09-03,654826.1281002305,333166.11654318887,215983.56416732946,176866.27757544254
2024-09-04,594912.6416731655,304374.209700237,197297.4768767677,161390.54098391545
2024-09-05,558949.1265816565,287091.6538349508,186081.01423453027,152101.11518595048
2024-09-06,576788.153448321,295664.3413940227,191644.7300702789,156708.96055268188
2024-09-07,595801.1995981773,304801.2133437765,197388.78315941305,161620.05672759592
2024-09-08,606633.8255161261,310006.9186848236,197201.26381541163,164418.13901754582
2024-09-09,584201.7061550919,299226.983657689,190267.16925917036,158623.8914929311
2024-09-10,583671.2266294741,298972.0574633626,190103.19031756517,158486.86789615455
2024-09-11,584171.0037684309,299212.22937932337,190257.67870463186,158615.9610238993
2024-09-12,558279.1840354102,286769.70756655704,182254.14041329306,151928.0680976328
2024-09-13,593475.0053281985,303683.3420143994,193133.68099084074,161019.19752327076
2024-09-14,615287.4707846896,314165.49738359015,199686.0371954748,166653.38758542598
2024-09-15,610483.3520509761,311856.8395622507,199686.0371954748,165412.47705741195
2024-09-16,611751.6854030417,312466.3473358124,199686.0371954748,165740.08932031554
2024-09-17,617489.3180751947,315223.61277381703,199686.0371954748,167222.12779259295
2024-09-18,569633.0462194826,291952.1554464362,199686.0371954748,154860.78643761962
2024-09-19,564593.0915016287,291952.1554464362,199686.0371954748,153558.95914800465
