Date,Moving_Average_Crossover_Drawdown,RSI_Strategy_Drawdown,Momentum_Strategy_Drawdown,Buy_and_Hold_Drawdown
2022-01-02,0.0,0.0,0.0,0.0
2022-01-03,0.0,0.0,0.0,0.0
2022-01-04,0.0,0.0,0.0,0.0
2022-01-05,0.0,0.0,0.0,-0.8331236271879607
2022-01-06,0.0,0.0,0.0,-1.6592417231609042
2022-01-07,0.0,0.0,0.0,0.0
2022-01-08,0.0,0.0,0.0,0.0
2022-01-09,0.0,0.0,0.0,-1.7621861937154826
2022-01-10,0.0,0.0,0.0,0.0
2022-01-11,0.0,0.0,0.0,-1.7383834588647396
2022-01-12,0.0,0.0,-0.09499999999998544,-3.4554762323056343
2022-01-13,0.0,0.0,0.0,-2.4190022776767846
2022-01-14,0.0,0.0,-7.009574738285367,-9.517942696546406
2022-01-15,0.0,0.0,-7.009574738285367,-15.465912455749992
2022-01-16,0.0,0.0,-7.009574738285367,-17.26329350723991
2022-01-17,0.0,0.0,-7.009574738285367,-20.4687433399989
2022-01-18,0.0,0.0,-7.009574738285367,-19.382156915681996
2022-01-19,0.0,0.0,-7.009574738285367,-22.17995543619851
2022-01-20,0.0,0.0,-7.009574738285367,-26.38072410772198
2022-01-21,0.0,-0.09499999999998544,-7.009574738285367,-21.857596901353755
2022-01-22,0.0,-0.8548944815047724,-7.009574738285367,-22.482649331734635
2022-01-23,0.0,-0.5054535065515083,-7.009574738285367,-22.195216094640095
2022-01-24,0.0,-5.655981069736474,-7.009574738285367,-26.43179084214628
2022-01-25,0.0,-7.494935754425066,-7.009574738285367,-27.944425981631348
2022-01-26,0.0,-7.0173655756862425,-7.009574738285367,-27.55159986147448
2022-01-27,0.0,-10.896349666155453,-7.009574738285367,-30.74226447632374
2022-01-28,0.0,-9.535947285114963,-7.009574738285367,-29.623263305422437
2022-01-29,0.0,-11.483483735150076,-7.009574738285367,-31.22521255097981
2022-01-30,0.0,-12.370689826982707,-7.009574738285367,-31.954985351606762
2022-01-31,0.0,-14.257153714527012,-7.009574738285367,-33.50669926246494
2022-02-01,0.0,-8.040367831414375,-7.009574738285367,-28.321393408966937
2022-02-02,0.0,-8.040367831414375,-7.009574738285367,-28.288405704437274
2022-02-03,0.0,-8.040367831414375,-7.009574738285367,-31.190349566546704
2022-02-04,0.0,-8.040367831414375,-7.097915642283984,-28.817585573821763
2022-02-05,0.0,-8.040367831414375,-11.30833409202495,-32.14235509743606
2022-02-06,0.0,-8.040367831414375,-11.392591174637522,-31.504599480282675
2022-02-07,0.0,-8.040367831414375,-17.745048403482837,-36.60532975576957
2022-02-08,0.0,-8.040367831414375,-17.745048403482837,-39.82527880601619
2022-02-09,0.0,-8.040367831414375,-17.745048403482837,-39.2888847047078
2022-02-10,0.0,-8.040367831414375,-17.745048403482837,-37.40624811132053
2022-02-11,0.0,-8.040367831414375,-17.745048403482837,-36.91265502971221
2022-02-12,0.0,-8.040367831414375,-17.745048403482837,-37.14099119240431
2022-02-13,0.0,-8.040367831414375,-17.745048403482837,-37.831395894366935
2022-02-14,0.0,-8.040367831414375,-17.745048403482837,-41.34286418030708
2022-02-15,0.0,-8.12772948197453,-17.745048403482837,-42.95071934407048
2022-02-16,0.0,-9.636867398134505,-17.745048403482837,-43.936223074545794
2022-02-17,0.0,-5.928802222520186,-17.745048403482837,-41.45622263355514
2022-02-18,0.0,-6.018169860408787,-17.823190607499512,-40.586615040021854
2022-02-19,0.0,-12.020102384758793,-23.144116918223563,-44.57681927947491
2022-02-20,0.0,-10.8478720410089,-23.144116918223563,-43.797497208080436
2022-02-21,0.0,-12.14009863501649,-23.144116918223563,-44.601196372119475
2022-02-22,0.0,-12.14009863501649,-23.144116918223563,-46.02715129578877
2022-02-23,0.0,-12.14009863501649,-23.144116918223563,-44.63496984008672
2022-02-24,0.0,-12.14009863501649,-23.217130007151244,-42.24625759819637
2022-02-25,0.0,-12.14009863501649,-20.370189049089834,-39.994312130064394
2022-02-26,0.0,-12.14009863501649,-22.801051785842013,-41.917137508012345
2022-02-27,0.0,-12.14009863501649,-23.7037028624906,-42.57371303257086
2022-02-28,0.0,-12.14009863501649,-23.7037028624906,-41.749498791036416
2022-03-01,0.0,-12.14009863501649,-23.776184344771224,-39.3709287319712
2022-03-02,0.0,-12.14009863501649,-25.081064476668395,-40.46243056145526
2022-03-03,0.0,-12.14009863501649,-25.537004293605904,-40.84381359592477
2022-03-04,0.0,-12.14009863501649,-28.53070278150141,-43.347972634434136
2022-03-05,0.0,-12.14009863501649,-31.630418470938395,-45.94081259206447
2022-03-06,0.0,-12.14009863501649,-29.428664303893836,-44.09909652737948
2022-03-07,0.0,-12.14009863501649,-25.632485508383112,-40.92368140758281
2022-03-08,0.0,-12.14009863501649,-25.76516465806647,-41.03466442515946
2022-03-09,0.0,-12.14009863501649,-22.804525661091443,-38.558158880591364
2022-03-10,0.0,-12.14009863501649,-21.65971072715964,-37.60054786003695
2022-03-11,0.0,-12.14009863501649,-23.56010705443408,-39.12931442715875
2022-03-12,0.0,-12.14009863501649,-23.632724952732357,-38.18119973770875
2022-03-13,0.0,-12.14009863501649,-18.947613783932738,-34.1928172818992
2022-03-14,0.0,-12.14009863501649,-18.98108195300787,-34.22130835789677
2022-03-15,0.0,-12.14009863501649,-13.908270313549453,-29.90288085095113
2022-03-16,0.0,-12.14009863501649,-22.026011669864513,-36.8134227868476
2022-03-17,0.0,-12.14009863501649,-19.468496550215573,-34.63623892371871
2022-03-18,0.0,-12.14009863501649,-19.123595737463734,-34.3426287400939
2022-03-19,0.0,-12.14009863501649,-19.96431495474522,-35.058323556216386
2022-03-20,-0.09499999999998544,-12.14009863501649,-19.607191700305453,-34.75430854541907
2022-03-21,-7.267546410592579,-12.14009863501649,-25.46466504022155,-39.680390124884184
2022-03-22,-7.948792028651777,-12.14009863501649,-25.46466504022155,-40.14826740278604
2022-03-23,-6.606574127156681,-12.14009863501649,-25.46466504022155,-39.226436507356944
2022-03-24,-1.1238778262852138,-12.14009863501649,-25.535473608433325,-35.46093849487451
2022-03-25,-2.9598320713376016,-12.14009863501649,-26.98831622177486,-36.72186590747889
2022-03-26,-5.802547011307761,-12.14009863501649,-26.98831622177486,-38.67423329554857
2022-03-27,-7.489245225005463,-12.14009863501649,-26.98831622177486,-39.83265215057924
2022-03-28,-4.131095473764857,-12.14009863501649,-26.98831622177486,-37.526285808182166
2022-03-29,-2.834802514686773,-12.14009863501649,-26.98831622177486,-36.6359960140479
2022-03-30,-4.678894428464337,-12.14009863501649,-26.98831622177486,-37.90251235110284
2022-03-31,-2.7110642668260554,-12.14009863501649,-26.98831622177486,-36.551012987300005
2022-04-01,-2.2588408599767864,-12.14009863501649,-26.98831622177486,-36.240427420228144
2022-04-02,0.0,-12.14009863501649,-26.98831622177486,-33.65521691376582
2022-04-03,-2.5427574845098184,-12.14009863501649,-26.98831622177486,-35.42786269066382
2022-04-04,-3.657359961952183,-12.14009863501649,-26.98831622177486,-36.204891324575854
2022-04-05,-4.991310187504797,-12.14009863501649,-27.057677321364164,-37.13483499727096
2022-04-06,-10.03365499686854,-12.14009863501649,-31.00158563575216,-40.65003111268236
2022-04-07,-8.933070480490544,-12.14009863501649,-31.00158563575216,-39.88277489302253
2022-04-08,-7.940688502668064,-12.14009863501649,-31.00158563575216,-39.19095047296942
2022-04-09,-7.835556875600578,-12.14009863501649,-31.067134129398195,-39.11765951389255
2022-04-10,-8.564644540385542,-12.14009863501649,-31.679363187324654,-39.6259321973249
2022-04-11,-13.249577625747067,-12.14009863501649,-31.679363187324654,-42.89196401491163
2022-04-12,-14.535794589943507,-12.14009863501649,-31.679363187324654,-43.788631150352956
2022-04-13,-15.554028324526264,-12.14009863501649,-31.679363187324654,-44.498477740324205
2022-04-14,-18.06839817958951,-12.223565541313219,-31.679363187324654,-46.19753103219463
2022-04-15,-18.06839817958951,-12.677341423163599,-31.679363187324654,-46.49003334101147
2022-04-16,-18.06839817958951,-11.240371843014291,-31.679363187324654,-45.5637678943348
2022-04-17,-18.06839817958951,-4.6223550130298685,-31.679363187324654,-41.239056996773584
2022-04-18,-18.06839817958951,-4.6223550130298685,-31.679363187324654,-40.76808436489516
2022-04-19,-18.06839817958951,-4.6223550130298685,-31.744267792296693,-40.094847025538165
2022-04-20,-18.06839817958951,-4.6223550130298685,-31.872511633019368,-40.21321253904578
2022-04-21,-18.06839817958951,-4.6223550130298685,-36.65818234524868,-44.57482890491086
2022-04-22,-18.06839817958951,-4.6223550130298685,-36.718357072020694,-44.57818507552492
2022-04-23,-18.06839817958951,-4.6223550130298685,-36.512858793993274,-44.38891811673533
2022-04-24,-18.06839817958951,-4.6223550130298685,-30.19399208656004,-38.56914825689668
2022-04-25,-18.06839817958951,-4.6223550130298685,-30.639013813123817,-38.9790198606421
2022-04-26,-18.06839817958951,-4.6223550130298685,-29.767933599826762,-38.176742078000395
2022-04-27,-18.06839817958951,-4.6223550130298685,-29.79400469559341,-38.20075394347893
2022-04-28,-18.06839817958951,-4.6223550130298685,-32.85853915707895,-40.96419978738935
2022-04-29,-18.06839817958951,-4.6223550130298685,-32.922323544879724,-38.141039952166736
2022-04-30,-18.06839817958951,-4.6223550130298685,-30.90895258282641,-36.18844562309473
2022-05-01,-18.06839817958951,-4.6223550130298685,-28.725792928989442,-34.07118792946358
2022-05-02,-18.06839817958951,-4.6223550130298685,-31.08861242447122,-36.362682161998556
2022-05-03,-18.06839817958951,-4.6223550130298685,-27.23196472782738,-32.62245318103841
2022-05-04,-18.06839817958951,-4.6223550130298685,-30.95476413360997,-36.23287428326311
2022-05-05,-18.06839817958951,-4.6223550130298685,-29.32567828204412,-34.6529648401991
2022-05-06,-18.146233201318893,-4.6223550130298685,-23.08192096866562,-28.597684739322204
2022-05-07,-21.095024993592716,-4.712963775767479,-25.87120749737444,-31.302772455775322
2022-05-08,-22.699027323714148,-6.653730011196997,-27.388446558859812,-32.774211372467335
2022-05-09,-22.33272569431355,-6.210522528905072,-27.04195882004821,-32.4381828875792
2022-05-10,-23.728883652776542,-7.899806998277388,-28.36259617250352,-33.71895481374976
2022-05-11,-28.006348794018436,-13.07533558913703,-32.40868580377161,-37.642907139392776
2022-05-12,-27.751474778874808,-12.766950199920277,-32.16759836625883,-37.409097289062025
2022-05-13,-30.524546763435733,-16.122234899315867,-34.852586117759266,-39.95298763151704
2022-05-14,-29.2059932830623,-14.526848143161288,-34.852586117759266,-38.74340653033854
2022-05-15,-31.55277901619869,-17.366346831616422,-34.852586117759266,-40.89624121893469
2022-05-16,-27.36337891075895,-12.297372729361406,-34.852586117759266,-37.053075759024836
2022-05-17,-29.413323437433124,-14.777707730852052,-34.852586117759266,-38.93360180126555
2022-05-18,-30.199633363699856,-15.72910519881334,-34.852586117759266,-39.65492682951691
2022-05-19,-27.955853864270335,-13.014239135051422,-34.852586117759266,-37.59658538328825
2022-05-20,-31.159154070778268,-16.890079441508014,-34.852586117759266,-40.53514756439584
2022-05-21,-30.501238381025438,-16.1732605631155,-34.852586117759266,-39.93160557968357
2022-05-22,-26.917454906262194,-16.1732605631155,-34.914476160947395,-36.644005322042354
2022-05-23,-31.1536583385407,-16.1732605631155,-38.71065901339125,-40.530106029144804
2022-05-24,-30.60777043691217,-16.1732605631155,-38.28005632401619,-40.02933325124817
2022-05-25,-29.85855855540726,-16.1732605631155,-38.28005632401619,-39.342040285027295
2022-05-26,-27.689778208697895,-16.1732605631155,-38.28005632401619,-37.35249965657738
2022-05-27,-30.921448969407667,-16.1732605631155,-38.28005632401619,-40.31708769609975
2022-05-28,-34.206877484593484,-16.1732605631155,-38.28005632401619,-43.330990659001344
2022-05-29,-32.84050649284167,-16.1732605631155,-38.28005632401619,-42.077543943777144
2022-05-30,-32.085992179908324,-16.1732605631155,-38.338690270508366,-41.3267134811729
2022-05-31,-32.085992179908324,-16.1732605631155,-37.68898775536306,-40.67657505277623
2022-06-01,-32.085992179908324,-16.1732605631155,-36.86175040157551,-39.78857124124954
2022-06-02,-32.085992179908324,-16.1732605631155,-36.92173173869401,-41.345682214316646
2022-06-03,-32.085992179908324,-16.1732605631155,-36.30132836245828,-40.73900456201378
2022-06-04,-32.085992179908324,-16.1732605631155,-35.525372808101785,-39.980216147829665
2022-06-05,-32.085992179908324,-16.1732605631155,-37.25439265307826,-41.61259597769949
2022-06-06,-32.085992179908324,-16.1732605631155,-37.25439265307826,-37.02541939772049
2022-06-07,-32.085992179908324,-16.1732605631155,-37.25439265307826,-35.75624765353286
2022-06-08,-32.085992179908324,-16.1732605631155,-37.25439265307826,-38.6845200119499
2022-06-09,-32.085992179908324,-16.1732605631155,-37.25439265307826,-36.98993448173821
2022-06-10,-32.085992179908324,-16.1732605631155,-37.25439265307826,-39.3386221111793
2022-06-11,-32.085992179908324,-16.1732605631155,-37.25439265307826,-37.335781863952114
2022-06-12,-32.085992179908324,-16.1732605631155,-37.25439265307826,-34.29766768934055
2022-06-13,-32.085992179908324,-16.1732605631155,-37.25439265307826,-36.35586784424194
2022-06-14,-32.085992179908324,-16.1732605631155,-37.25439265307826,-33.78929368380094
2022-06-15,-32.085992179908324,-16.1732605631155,-37.25439265307826,-32.619651253933164
2022-06-16,-32.085992179908324,-16.1732605631155,-37.25439265307826,-30.29752543822568
2022-06-17,-32.085992179908324,-16.1732605631155,-37.25439265307826,-24.72805120177922
2022-06-18,-32.1505104873374,-16.1732605631155,-37.25439265307826,-25.38869667448218
2022-06-19,-34.004037556866386,-16.1732605631155,-37.25439265307826,-27.532182390667238
2022-06-20,-36.13398222521806,-16.25289596558054,-37.25439265307826,-29.995327411816863
2022-06-21,-38.01887601623915,-18.732530607979076,-37.25439265307826,-32.17508673877738
2022-06-22,-38.14097922552742,-18.893161063202367,-37.25439265307826,-32.31629130455494
2022-06-23,-37.27746778416074,-17.75718571312155,-37.25439265307826,-31.317695454103067
2022-06-24,-36.55641286612679,-16.8086162168741,-37.25439265307826,-30.483841477649666
2022-06-25,-34.47201757097074,-14.06653132755967,-37.25439265307826,-28.073371398469366
2022-06-26,-34.377401834374204,-13.942061471858281,-37.25439265307826,-27.963954339902987
2022-06-27,-30.582284489904367,-9.036408948792,-37.25439265307826,-23.575143432930645
2022-06-28,-31.212781177570985,-9.122824360290645,-37.25439265307826,-24.30427259771745
2022-06-29,-23.615797168582116,0.0,-37.314000980057834,-15.51884562605089
2022-06-30,-21.689509849001052,0.0,-35.742227996179,-13.291217326109365
2022-07-01,-24.144213120570846,-0.09499999999999434,-37.74516714574027,-16.12992493744178
2022-07-02,-27.115739392246795,-3.9874030900111155,-40.169813078477986,-19.566305351473
2022-07-03,-25.68946168443685,-2.1191215237296017,-39.006027829073005,-17.91690624408327
2022-07-04,-26.250701462343677,-2.8542896649587957,-39.46397691663901,-18.565944214488468
2022-07-05,-24.138069660983238,-0.18196072789638942,-37.7401543297864,-16.12282041866216
2022-07-06,-22.678067516146257,-0.18196072789638942,-36.548851296052575,-14.43442115301084
2022-07-07,-22.819488078708776,-0.18196072789638942,-36.66424478763671,-14.59796500452018
2022-07-08,-25.207579291183198,-0.2767878652048771,-38.61283117589267,-17.359640022402047
2022-07-09,-29.341821169589426,-5.762815393024667,-41.986206283149585,-22.140626801230066
2022-07-10,-30.467478308880036,-7.256532073050111,-42.90469723860689,-23.442377414456494
2022-07-11,-28.091855720949326,-4.104144937413394,-40.966284746531784,-20.69512156479141
2022-07-12,-27.432856586400163,-3.2296708501982136,-40.428567955503354,-19.93303113994351
2022-07-13,-30.73240421321551,-7.6080816066195505,-43.174667583939296,-23.748747308441803
2022-07-14,-30.20763338935505,-6.91172486935846,-43.174667583939296,-23.141883355005508
2022-07-15,-29.107825508472512,-5.4523094584341365,-43.174667583939296,-21.87002575876412
2022-07-16,-31.389420251506785,-8.479924178557926,-43.174667583939296,-24.508544409079633
2022-07-17,-30.921065420353266,-7.858429942839407,-43.174667583939296,-23.966921949290615
2022-07-18,-30.701869393259795,-7.5675627236511875,-43.174667583939296,-23.713435738679856
2022-07-19,-33.58684583863597,-11.39584869770425,-43.174667583939296,-27.04972680442925
2022-07-20,-32.613534162745374,-10.104290340905191,-43.174667583939296,-25.924153993022824
2022-07-21,-31.094908128149523,-8.176129340532254,-43.174667583939296,-24.167959941748364
2022-07-22,-28.12316769294795,-8.176129340532254,-43.22865164973455,-20.73133186127319
2022-07-23,-25.10053269479155,-8.176129340532254,-40.84813405184857,-17.235847468139532
2022-07-24,-28.869966279950404,-8.176129340532254,-43.81680310683078,-21.594956747266227
2022-07-25,-31.300856247635455,-8.176129340532254,-45.73128380004325,-24.406125793032878
2022-07-26,-29.873454621589968,-8.176129340532254,-44.60711409641551,-22.755426945961105
2022-07-27,-28.41829441296526,-8.176129340532254,-43.461082740830925,-21.07262707040246
2022-07-28,-26.927913339467363,-8.176129340532254,-42.28731271064802,-19.34909651331859
2022-07-29,-15.226397590165403,-8.176129340532254,-33.07162369092071,-5.817040640664313
2022-07-30,-13.26184683980591,-8.176129340532254,-31.52441483638707,-3.545163125982885
2022-07-31,-9.298595715064259,-8.176129340532254,-28.40310212312748,0.0
2022-08-01,-5.809296952899807,-8.176129340532254,-25.655057085377113,0.0
2022-08-02,-3.3174766415155874,-8.176129340532254,-23.69258986533967,0.0
2022-08-03,-4.395089510712574,-8.176129340532254,-24.54127864198536,-1.154362491722031
2022-08-04,-1.4556512879082062,-8.176129340532254,-22.226283804185748,0.0
2022-08-05,-4.26158734033984,-8.176129340532254,-24.43613717894994,-2.947004234592117
2022-08-06,-5.041222684233163,-8.176129340532254,-25.0501496737447,-3.765835675137684
2022-08-07,-6.713062551887333,-8.176129340532254,-26.36683006294999,-5.521727141469243
2022-08-08,-6.327681636229586,-8.176129340532254,-26.06331804374416,-5.116971235007971
2022-08-09,0.0,-8.176129340532254,-19.083176859377428,0.0
2022-08-10,-6.8732948667053195,-8.176129340532254,-24.633572695458028,-7.104093783833859
2022-08-11,-4.279510115181714,-8.176129340532254,-22.539012173359136,-4.423212127037644
2022-08-12,-9.969660655066278,-8.263362017658741,-27.133982777084448,-10.304432686232055
2022-08-13,-11.507292500431246,-9.808987592508407,-28.37566752325767,-11.893696794105022
2022-08-14,-7.623099784136484,-5.904602015397155,-25.23906310032082,-7.8790764604557415
2022-08-15,-7.304236477225293,-5.584081024934659,-24.981571227022627,-7.549506017102095
2022-08-16,-10.992625111502779,-9.291644587895936,-28.02931052431554,-11.361747347830024
2022-08-17,-13.328209527433538,-11.639371071556285,-28.02931052431554,-13.775758539348463
2022-08-18,-10.94357764123343,-9.242342133177335,-28.02931052431554,-11.311052908640287
2022-08-19,-13.330775187536787,-11.641950069828141,-28.02931052431554,-13.778410351957174
2022-08-20,-12.521168780018266,-10.828134738938095,-28.02931052431554,-12.941618106237431
2022-08-21,-12.283062179016543,-10.58879028652047,-28.02931052431554,-12.695516104669002
2022-08-22,-14.373861006831792,-12.690458608413133,-28.02931052431554,-14.85652203326367
2022-08-23,-6.907801815262301,-5.185585407057124,-28.02931052431554,-7.1397594439716325
2022-08-24,-4.508339137428204,-2.773648575794811,-28.02931052431554,-4.659725017293034
2022-08-25,-11.600791743819885,-9.902972913016821,-28.02931052431554,-11.990335656052874
2022-08-26,-10.877520563457951,-9.175941642632482,-28.097682679317437,-11.242777694975855
2022-08-27,-13.037225844547859,-11.346874643696934,-29.81722855500304,-13.475003892141531
2022-08-28,-10.04692021396171,-8.341023227974045,-27.43636309195295,-10.384286550024443
2022-08-29,-12.66836685285893,-10.976098054498266,-29.523544984646545,-13.093758954919066
2022-08-30,-12.969637543096663,-11.278934969061206,-29.76341510831537,-13.405146037719295
2022-08-31,-11.174551153408265,-9.474516413780593,-28.334176857654477,-11.549782298822565
2022-09-01,-8.070466731794825,-6.3542947020617175,-25.86272132541091,-8.341465578569599
2022-09-02,-12.143032401080767,-10.448032531879473,-29.105276483930176,-12.550784255639208
2022-09-03,-13.184028416791005,-11.494440402559619,-29.93411198342774,-13.62673595967949
2022-09-04,-14.67460065903659,-12.992761724220934,-31.1208976870175,-15.167360246262444
2022-09-05,-16.711738235504363,-15.040489824524725,-32.74285580717893,-17.27290302806604
2022-09-06,-10.76920265607525,-9.067060619928924,-28.011440536681743,-11.13082257193249
2022-09-07,-9.27758487636406,-7.567688325337284,-26.89346839701369,-9.589117639697887
2022-09-08,-13.496726979514042,-11.808764600006716,-26.89346839701369,-13.949934652407686
2022-09-09,-10.296867350457607,-8.592269771607382,-26.96291960203652,-10.642626681373809
2022-09-10,-2.543439522965942,-0.7985339830008215,-20.734371104583932,-2.62884588178899
2022-09-11,0.0,0.0,-17.464555880846397,0.0
2022-09-12,-5.616663415028127,-5.5493319748479015,-22.045474804445284,-5.802335587736137
2022-09-13,-7.2763536336143115,-7.1891261582948935,-23.399108762515635,-7.516890815338639
2022-09-14,-2.528467059738967,-2.498156301197709,-19.526759318329166,-2.6120515542889304
2022-09-15,-5.067890615942828,-5.007137754567113,-21.59789881237854,-5.235421798101799
2022-09-16,-3.331427115251727,-3.291490631800506,-20.18164899951437,-3.441555364890499
2022-09-17,-0.2934735227970273,-0.289955420770148,-17.703911226683765,-0.30317498834402906
2022-09-18,-3.7131058848719305,-3.6685939124968163,-20.49294404593124,-3.83585143435502
2022-09-19,-3.8415715456370783,-3.795519552556801,-20.597719912481676,-3.9685638331904363
2022-09-20,-15.063420723481416,-14.882843441844972,-29.75019665143227,-15.561377935348569
2022-09-21,-18.266435966918777,-18.04746157772506,-32.362557773513934,-18.870276468476142
2022-09-22,-18.978062106412207,-18.750556885067542,-32.94295602921336,-19.605427103156874
2022-09-23,-22.692850380744332,-22.420813018875428,-35.97271634162937,-23.44301654235852
2022-09-24,-17.613288220978866,-17.402143636623897,-31.829854164948646,-18.19553736978337
2022-09-25,-21.94126405345942,-21.678236558498405,-35.35972678270983,-22.666584740803007
2022-09-26,-23.173793612220095,-22.96873443268067,-36.36497092187524,-23.939858496641563
2022-09-27,-22.713698198713814,-22.96873443268067,-35.989719704087705,-23.46455353455344
2022-09-28,-18.238510821961697,-22.96873443268067,-32.33978218318109,-18.84142819141121
2022-09-29,-22.549307735352368,-22.96873443268067,-35.855643771665484,-23.29472875329729
2022-09-30,-19.013089004459907,-22.96873443268067,-32.90801766224959,-19.56117307172951
2022-10-01,-19.013089004459907,-23.041914134969616,-32.818453983353294,-19.447728906902363
2022-10-02,-19.013089004459907,-25.859341990622053,-35.266895400302914,-22.471473073292117
2022-10-03,-19.013089004459907,-25.859341990622053,-35.266895400302914,-20.946084293842475
2022-10-04,-19.013089004459907,-25.859341990622053,-35.266895400302914,-20.234387956945397
2022-10-05,-19.013089004459907,-25.859341990622053,-35.32839184967263,-22.048736091987667
2022-10-06,-19.013089004459907,-25.859341990622053,-35.094749469166445,-21.75257722347415
2022-10-07,-19.013089004459907,-25.859341990622053,-36.03890326897591,-22.87223370689007
2022-10-08,-19.013089004459907,-25.859341990622053,-36.03890326897591,-22.443706296311188
2022-10-09,-19.013089004459907,-25.859341990622053,-36.03890326897591,-20.28248924313244
2022-10-10,-19.013089004459907,-25.859341990622053,-36.03890326897591,-14.976308373032873
2022-10-11,-19.013089004459907,-25.859341990622053,-36.03890326897591,-19.002578346804068
2022-10-12,-19.013089004459907,-25.859341990622053,-36.09966631087037,-11.700128026066732
2022-10-13,-19.013089004459907,-25.859341990622053,-40.60752241915967,-18.25087178129445
2022-10-14,-19.013089004459907,-25.859341990622053,-40.94806360138817,-18.664405137279342
2022-10-15,-19.013089004459907,-25.859341990622053,-41.00416294096684,-16.6443469287631
2022-10-16,-19.013089004459907,-25.859341990622053,-40.31330596551763,-15.617831557996183
2022-10-17,-19.013089004459907,-25.859341990622053,-41.65494307177729,-17.61131379890615
2022-10-18,-19.013089004459907,-25.859341990622053,-42.05961377762862,-18.21259700862605
2022-10-19,-19.013089004459907,-25.859341990622053,-43.134475601032186,-19.72941847709927
2022-10-20,-19.013089004459907,-25.859341990622053,-43.134475601032186,-21.52119358004712
2022-10-21,-19.013089004459907,-25.859341990622053,-43.188497849211196,-18.72709490796243
2022-10-22,-19.013089004459907,-25.859341990622053,-42.411519240887735,-17.47565755613108
2022-10-23,-19.013089004459907,-25.859341990622053,-42.466228297608886,-19.651218598886242
2022-10-24,-19.013089004459907,-25.859341990622053,-40.40498729748478,-16.62396474989164
2022-10-25,-19.013089004459907,-25.859341990622053,-39.70289022313941,-15.508334041700106
2022-10-26,-19.013089004459907,-25.859341990622053,-39.760172477427425,-12.628653423068513
2022-10-27,-19.013089004459907,-25.859341990622053,-38.24041716835516,-10.310604500736545
2022-10-28,-19.013089004459907,-25.859341990622053,-40.101393360261014,-13.149110035398026
2022-10-29,-19.013089004459907,-25.859341990622053,-41.3073892415385,-14.988588691102569
2022-10-30,-19.013089004459907,-25.859341990622053,-39.55876677712638,-12.321453794452395
2022-10-31,-19.090026569905667,-25.859341990622053,-38.07910745759878,-10.0645623918863
2022-11-01,-19.077412680692852,-25.859341990622053,-38.06944044028338,-10.049817505695504
2022-11-02,-18.638078575040595,-25.859341990622053,-37.732744094300585,-9.536262068646248
2022-11-03,-14.498665651875728,-25.859341990622053,-34.560385773349374,-4.69753458190309
2022-11-04,-16.325564371230705,-25.92977561573095,-35.960482226990855,-6.833070517293692
2022-11-05,-14.480642531152457,-24.37146035523819,-34.546573235664134,-4.6764666258283345
2022-11-06,-15.056579893812621,-24.37146035523819,-34.987959422231086,-5.3497031448889505
2022-11-07,-15.678244835195922,-24.443307467900702,-35.46439025584143,-6.076392483510438
2022-11-08,-11.984048347744402,-21.21516592869977,-32.63323637394377,-1.7580965277654026
2022-11-09,-9.075987365505815,-21.21516592869977,-30.40456007948396,0.0
2022-11-10,-6.1101371845234205,-21.21516592869977,-28.131595368067696,0.0
2022-11-11,-1.1951815656011118,-21.21516592869977,-24.364877564308976,0.0
2022-11-12,-1.0205147002725627,-21.21516592869977,-24.231016581144278,0.0
2022-11-13,0.0,-21.21516592869977,-22.14265861423733,0.0
2022-11-14,-1.0902666665112226,-21.21516592869977,-22.99245756310415,-1.1345815479044559
2022-11-15,0.0,-21.21516592869977,-21.950971146862344,0.0
2022-11-16,-0.4033369046109568,-21.21516592869977,-22.266121764383755,-0.41968905107151194
2022-11-17,0.0,-21.21516592869977,-21.900333697402008,0.0
2022-11-18,0.0,-21.21516592869977,-20.013026057492368,0.0
2022-11-19,-3.0043370514568073,-21.21516592869977,-22.418711997613812,-3.123074979178797
2022-11-20,0.0,-21.21516592869977,-15.823050711974185,0.0
2022-11-21,-3.709047873185064,-21.21516592869977,-18.948433365977134,-3.8480751833717117
2022-11-22,-8.014307917270349,-21.29001152106749,-22.57620672528981,-8.314710530243055
2022-11-23,-3.731576054930979,-17.662836067353023,-18.967416455670836,-3.871447795445461
2022-11-24,-0.654864719006316,-15.057075960360194,-16.374864251049175,-0.6794112019670238
2022-11-25,0.0,-12.924320331581862,-14.252918991211125,0.0
2022-11-26,0.0,-10.721026753391047,-12.060793319995959,0.0
2022-11-27,0.0,-10.677443177535642,-12.01743065765187,0.0
2022-11-28,-3.310324914232682,-13.607677899210774,-14.932812801752945,-3.4288530168293194
2022-11-29,-2.9336339725923017,-13.27423846195511,-14.601063479992614,-3.0386744376503807
2022-11-30,-5.344001658541491,-15.407848687043607,-16.80417757218131,-5.535346735919503
2022-12-01,-1.621636576785727,-12.112884086313432,-16.883213603487725,-1.679700214503381
2022-12-02,-2.0839422707489685,-12.522108024016607,-17.26815039234289,-2.1585590318441876
2022-12-03,-5.060607012021365,-15.156993301338185,-19.746657107630913,-5.241804979792815
2022-12-04,-6.13876932473874,-16.11136144530581,-20.719659043627487,-6.3585715191431
2022-12-05,-4.5411794784142865,-14.697206230943511,-20.719659043627487,-4.7037790422253725
2022-12-06,-6.502521323167956,-16.433347583673452,-20.719659043627487,-6.73534786874829
2022-12-07,-9.328514139645927,-18.934861026793502,-20.719659043627487,-9.662526996288582
2022-12-08,-8.386120043089413,-18.100672246302857,-20.719659043627487,-8.686389932785563
2022-12-09,-7.428982704797346,-17.25343303724013,-20.719659043627487,-7.694981737229788
2022-12-10,-9.130449633314141,-18.759538208453378,-20.719659043627487,-9.457370675486775
2022-12-11,-10.676197035623627,-20.127803507642675,-20.719659043627487,-11.058464459627745
2022-12-12,-9.788758075521018,-19.41905328060589,-20.719659043627487,-10.139250233097647
2022-12-13,-14.589189859919873,-19.495605179989308,-20.719659043627487,-15.111564260415644
2022-12-14,-18.99810197470647,-23.613897101930178,-20.719659043627487,-19.678340029381395
2022-12-15,-21.11947330983039,-25.59543499731656,-20.719659043627487,-21.875668294948632
2022-12-16,-21.685871471582377,-26.124498156984068,-20.719659043627487,-22.462346671231245
2022-12-17,-20.673278038471203,-25.17865137047039,-20.719659043627487,-21.413496743232667
2022-12-18,-15.980595294117578,-20.870546205080753,-20.719659043627487,-16.552789772802367
2022-12-19,-13.085411970917146,-20.870546205080753,-20.719659043627487,-13.553942732335699
2022-12-20,-13.534665374470151,-20.870546205080753,-20.719659043627487,-14.019281914441537
2022-12-21,-13.5147947605826,-20.870546205080753,-20.719659043627487,-13.998699821704456
2022-12-22,-16.778496138488524,-20.870546205080753,-20.719659043627487,-17.296556475936455
2022-12-23,-16.778496138488524,-20.870546205080753,-20.719659043627487,-17.275094251962233
2022-12-24,-16.778496138488524,-20.870546205080753,-20.794975367536033,-18.142955269043362
2022-12-25,-16.778496138488524,-20.870546205080753,-19.740101036758045,-16.99647213233488
2022-12-26,-16.778496138488524,-20.870546205080753,-22.151891365082275,-19.61771037846896
2022-12-27,-16.778496138488524,-20.870546205080753,-20.523849471669795,-17.848283895907986
2022-12-28,-16.778496138488524,-20.870546205080753,-15.664199880058705,-12.566606122039548
2022-12-29,-16.778496138488524,-20.870546205080753,-16.01345732520471,-12.859053302142037
2022-12-30,-16.778496138488524,-20.870546205080753,-16.093244540745758,-11.358924735553886
2022-12-31,-16.778496138488524,-20.870546205080753,-13.777912595943503,-8.786664107210642
2023-01-01,-16.778496138488524,-20.945719186185922,-15.004208665675852,-10.149040290870111
2023-01-02,-16.778496138488524,-20.192974374982867,-14.194354144702851,-9.249317508717372
2023-01-03,-16.778496138488524,-20.078719281314065,-14.07143067479015,-9.112753417911462
2023-01-04,-16.778496138488524,-19.70467076746726,-13.669003616517998,-8.665669672491171
2023-01-05,-16.778496138488524,-21.95714297330187,-16.0923677793951,-11.357950681398142
2023-01-06,-16.778496138488524,-21.810127380954416,-15.93419831699015,-11.182229406673864
2023-01-07,-16.778496138488524,-20.239222797350255,-14.24411137103597,-9.304596214891472
2023-01-08,-16.778496138488524,-15.704441945647101,-9.278681176822385,-3.7881601720876046
2023-01-09,-16.778496138488524,-15.704441945647101,-5.801088330195898,0.0
2023-01-10,-16.778496138488524,-15.704441945647101,0.0,0.0
2023-01-11,-16.778496138488524,-15.704441945647101,-2.8080341887192364,-2.9257370046938442
2023-01-12,-16.857556567156955,-15.704441945647101,0.0,0.0
2023-01-13,-16.19593921120342,-15.704441945647101,0.0,0.0
2023-01-14,-8.810895562912913,-15.704441945647101,0.0,0.0
2023-01-15,-11.497815913534177,-15.704441945647101,-2.9722391829524795,-3.0846172920227755
2023-01-16,-14.204628603297234,-15.704441945647101,-5.96648303374861,-6.192071231689906
2023-01-17,-16.06064733050986,-15.784522725798722,-8.019588770224724,-8.32280333878581
2023-01-18,-22.491409481434292,-22.2332782631763,-15.133221013475207,-15.705396621478588
2023-01-19,-23.947526698993627,-23.693469722513154,-16.8235733400073,-17.377036924272478
2023-01-20,-26.03023196960902,-25.78200243938183,-16.8235733400073,-19.768007944474743
2023-01-21,-25.5381928688543,-25.288586604504147,-16.8235733400073,-19.203141063255732
2023-01-22,-24.498093895351346,-24.24557741564249,-16.8235733400073,-18.009094772177363
2023-01-23,-18.85498637835914,-18.58668038382033,-16.8235733400073,-11.53073860369881
2023-01-24,-15.788795181368295,-15.511909929526563,-16.8235733400073,-8.010713760126821
2023-01-25,-17.538356062718822,-17.266366113225807,-16.8235733400073,-10.019230963404793
2023-01-26,-20.229391282319558,-19.96493089705687,-16.8235733400073,-13.108572175139408
2023-01-27,-18.648104256308002,-18.3792194019257,-16.8235733400073,-11.293235407542744
2023-01-28,-22.549468716862844,-22.2914999493744,-16.90259094533429,-15.77204933097297
2023-01-29,-16.89385404166123,-16.62006076409254,-10.81151606074746,-9.279334792519697
2023-01-30,-12.99345923594738,-12.708752584596242,-6.610806110469651,-4.8016340446583525
2023-01-31,-14.453770345455434,-14.173149670465804,-8.183555463746718,-6.478088986495366
2023-02-01,-19.77305801094494,-19.507320797102587,-13.912407474337549,-12.584696020983227
2023-02-02,-15.455314723778265,-15.177496387706821,-9.26221484189536,-7.627874132671547
2023-02-03,-15.742983861911842,-15.46597042918647,-9.658381541408932,-7.958121807360882
2023-02-04,-11.589103308619487,-11.300467244498108,-9.744206078944591,-3.1894163335569865
2023-02-05,-16.7202812087654,-16.44600227133451,-14.966390462636388,-9.080071066056028
2023-02-06,-18.51910541244804,-18.249859617014714,-16.875890206686854,-11.145143163450218
2023-02-07,-18.425415614155884,-18.15590767300672,-16.954858110990486,-11.037586133770763
2023-02-08,-18.20197565474707,-17.93184252463207,-16.806359810043944,-10.781074338636259
2023-02-09,-19.51218131746041,-19.245714166006877,-16.806359810043944,-12.285206399111084
2023-02-10,-17.50632387844037,-17.23424430232812,-16.806359810043944,-9.982457625667497
2023-02-11,-20.709215654946078,-20.446097826780612,-16.885393768224393,-13.659416399679047
2023-02-12,-21.06150663878021,-20.799374527030196,-17.334266351446967,-14.063850740394507
2023-02-13,-20.625187186895175,-20.3618342455871,-17.334266351446967,-13.562950694801692
2023-02-14,-18.98289824966753,-18.71495015481127,-17.334266351446967,-11.67758299006165
2023-02-15,-16.6823105562618,-16.407925376272352,-17.41279879841309,-9.036480294459501
2023-02-16,-20.092007236473524,-19.82716244821606,-20.867386954732194,-12.950853617026306
2023-02-17,-24.53379748305883,-24.281380902621063,-20.867386954732194,-18.050082925772713
2023-02-18,-20.71556174936102,-20.452461677680176,-20.867386954732194,-13.666701793369501
2023-02-19,-19.633008764854015,-19.366879690739385,-20.942562937125196,-12.423917780524047
2023-02-20,-21.80901678768528,-21.54897622257799,-23.159968816295745,-14.922001496795586
2023-02-21,-16.986307800206614,-16.71277320989264,-23.159968816295745,-9.385472833513601
2023-02-22,-16.540908453329422,-16.266127627750294,-23.159968816295745,-8.874148957867138
2023-02-23,-12.623569543183274,-12.337827933917238,-23.159968816295745,-4.376996171720525
2023-02-24,-12.314747546803648,-12.02814184811932,-23.159968816295745,-4.022464758100724
2023-02-25,-5.040510783148247,-4.824683392334088,-23.159968816295745,0.0
2023-02-26,0.0,-4.824683392334088,-23.159968816295745,0.0
2023-02-27,-0.8560470773281025,-4.824683392334088,-23.159968816295745,-0.891855754905852
2023-02-28,0.0,-4.824683392334088,-23.159968816295745,0.0
2023-03-01,0.0,-4.824683392334088,-23.159968816295745,0.0
2023-03-02,0.0,-4.824683392334088,-23.159968816295745,0.0
2023-03-03,-3.5570621163877227,-4.824683392334088,-23.159968816295745,-3.689894830182039
2023-03-04,-0.8785038681404754,-4.824683392334088,-23.159968816295745,-0.911310169820249
2023-03-05,0.0,-4.824683392334088,-23.159968816295745,0.0
2023-03-06,-6.466584323492906,-4.824683392334088,-23.159968816295745,-6.69995347334327
2023-03-07,-10.543472941846751,-4.915099943111357,-23.159968816295745,-10.923970774059345
2023-03-08,-17.198588326201943,-11.914156737955597,-23.159968816295745,-17.819259106250485
2023-03-09,-17.97024725667216,-12.725695587200224,-23.159968816295745,-18.61876602873157
2023-03-10,-15.602288155449362,-10.235358563699847,-23.159968816295745,-16.16535090085106
2023-03-11,-10.504740792036467,-4.874366086423332,-23.159968816295745,-10.88384084012983
2023-03-12,-10.163130143108287,-4.515100740071467,-23.159968816295745,-10.529901984727855
2023-03-13,-4.258157381390588,0.0,-23.159968816295745,-4.411827776503831
2023-03-14,-9.125837412999449,-5.033918223485314,-23.159968816295745,-9.455174944562634
2023-03-15,-14.80025146515542,-10.902121580990697,-23.159968816295745,-15.33436993159942
2023-03-16,-14.900040653112514,-11.00531871155436,-23.159968816295745,-15.43776035891146
2023-03-17,-13.553590228519802,-9.612885091151298,-23.159968816295745,-14.04271859533917
2023-03-18,-13.579121555860102,-9.63928834960985,-23.159968816295745,-14.0691713092814
2023-03-19,-20.0855438794209,-16.367914243584,-23.159968816295745,-20.810400475258277
2023-03-20,-20.281323849149878,-16.64921945959907,-23.159968816295745,-21.01324584502038
2023-03-21,-24.084806330085176,-16.64921945959907,-23.159968816295745,-24.953990198474987
2023-03-22,-22.043920485319166,-16.64921945959907,-23.159968816295745,-22.839451901238146
2023-03-23,-20.86819749494722,-16.64921945959907,-23.159968816295745,-21.62129886418362
2023-03-24,-23.586532218211552,-16.64921945959907,-23.159968816295745,-24.437734135069707
2023-03-25,-24.99880778660005,-16.728402701112437,-23.159968816295745,-25.90097657132257
2023-03-26,-27.897043799976544,-19.937267229816534,-23.159968816295745,-28.9038054950629
2023-03-27,-28.00038720308709,-20.051686821246108,-23.159968816295745,-29.010878403723844
2023-03-28,-25.260798822044322,-17.01847353612914,-23.159968816295745,-26.1724224630173
2023-03-29,-27.94715315332311,-19.99274722722461,-23.159968816295745,-28.955723218424485
2023-03-30,-26.48062822790529,-18.44658499896111,-23.159968816295745,-27.43627364871868
2023-03-31,-27.881874197367896,-18.524060743212093,-23.159968816295745,-28.888088444669265
2023-04-01,-30.024504181132933,-20.867547281728484,-23.159968816295745,-31.039081753209995
2023-04-02,-30.024504181132933,-21.11366831873833,-23.159968816295745,-31.264986487458835
2023-04-03,-30.024504181132933,-24.079467025774743,-23.159968816295745,-33.987175443301
2023-04-04,-30.024504181132933,-25.584325570935402,-23.159968816295745,-35.36842539193102
2023-04-05,-30.024504181132933,-28.811580498063567,-23.159968816295745,-38.3305946381015
2023-04-06,-30.024504181132933,-23.3183322704532,-23.159968816295745,-33.221781833628725
2023-04-07,-30.024504181132933,-23.3183322704532,-23.159968816295745,-33.06061595826538
2023-04-08,-30.024504181132933,-23.3183322704532,-23.159968816295745,-34.84308264406856
2023-04-09,-30.024504181132933,-23.3183322704532,-23.159968816295745,-34.21724840173223
2023-04-10,-30.024504181132933,-23.3183322704532,-23.159968816295745,-34.44663470732757
2023-04-11,-30.024504181132933,-23.3183322704532,-23.159968816295745,-34.958484615726995
2023-04-12,-30.024504181132933,-23.3183322704532,-23.159968816295745,-33.274150121901044
2023-04-13,-30.024504181132933,-23.3183322704532,-23.159968816295745,-31.15258076198306
2023-04-14,-30.024504181132933,-23.3183322704532,-23.159968816295745,-32.530698979223935
2023-04-15,-30.024504181132933,-23.3183322704532,-23.159968816295745,-34.00097526942733
2023-04-16,-30.024504181132933,-23.3183322704532,-23.159968816295745,-34.65781165822976
2023-04-17,-30.024504181132933,-23.3183322704532,-23.159968816295745,-40.34600915693484
2023-04-18,-30.024504181132933,-23.3183322704532,-23.159968816295745,-43.797940162302204
2023-04-19,-30.024504181132933,-23.3183322704532,-23.159968816295745,-40.58014802646622
2023-04-20,-30.024504181132933,-23.3183322704532,-23.159968816295745,-36.475409215556894
2023-04-21,-30.024504181132933,-23.3183322704532,-23.159968816295745,-37.04213797884969
2023-04-22,-30.024504181132933,-23.3183322704532,-23.159968816295745,-35.508855208513026
2023-04-23,-30.024504181132933,-23.3183322704532,-23.159968816295745,-34.63558936151672
2023-04-24,-30.024504181132933,-23.3183322704532,-23.159968816295745,-25.994962675352895
2023-04-25,-30.024504181132933,-23.3183322704532,-23.159968816295745,-22.528032651047436
2023-04-26,-30.024504181132933,-23.3183322704532,-23.159968816295745,-22.84630621406161
2023-04-27,-30.024504181132933,-23.3183322704532,-23.159968816295745,-25.665302249146016
2023-04-28,-30.024504181132933,-23.3183322704532,-23.159968816295745,-30.221915473278667
2023-04-29,-30.024504181132933,-23.3183322704532,-23.159968816295745,-29.58132269251614
2023-04-30,-30.024504181132933,-23.3183322704532,-23.159968816295745,-31.611512378940265
2023-05-01,-30.024504181132933,-23.3183322704532,-23.159968816295745,-35.32890467578722
2023-05-02,-30.024504181132933,-23.3183322704532,-23.159968816295745,-36.91699259052428
2023-05-03,-30.024504181132933,-23.3183322704532,-23.159968816295745,-39.527451580503396
2023-05-04,-30.024504181132933,-23.3183322704532,-23.159968816295745,-35.2408384083259
2023-05-05,-30.024504181132933,-23.3183322704532,-23.159968816295745,-32.84920429178031
2023-05-06,-30.024504181132933,-23.3183322704532,-23.159968816295745,-32.803452685592845
2023-05-07,-30.024504181132933,-23.3183322704532,-23.159968816295745,-28.63413794604879
2023-05-08,-30.024504181132933,-23.3183322704532,-23.159968816295745,-28.341314737975754
2023-05-09,-30.09098090216085,-23.3183322704532,-23.159968816295745,-30.698746312036455
2023-05-10,-25.844281021407923,-23.3183322704532,-23.23296684592026,-26.27160819177505
2023-05-11,-24.230887354717293,-23.3183322704532,-21.567683165296657,-24.589662962453122
2023-05-12,-27.10129061545885,-23.3183322704532,-24.530404419016747,-27.58202692811638
2023-05-13,-27.55919414786378,-23.3183322704532,-25.00303505812044,-28.05938634616709
2023-05-14,-29.867694250851123,-23.3183322704532,-27.38578120841873,-30.465972423248356
2023-05-15,-33.39368583895359,-23.3183322704532,-31.09038166094132,-34.14178004086645
2023-05-16,-30.94378737150893,-23.3183322704532,-31.09038166094132,-31.5877877172857
2023-05-17,-25.6644111864879,-23.3183322704532,-31.155845798363412,-26.084095858617584
2023-05-18,-29.45494504760333,-23.3183322704532,-34.655599152330495,-30.035685898860898
2023-05-19,-27.857828094866882,-23.3183322704532,-33.181000687624454,-28.370708965590612
2023-05-20,-29.556003332448594,-23.3183322704532,-34.74890502540593,-30.14103805412725
2023-05-21,-30.783337020961216,-23.3183322704532,-35.88208714438716,-31.42051998392444
2023-05-22,-32.25954775384059,-23.3183322704532,-37.2450543814181,-32.95945350703241
2023-05-23,-34.381893900969864,-23.3183322704532,-39.20459050979583,-35.1719761236954
2023-05-24,-34.198744650694564,-23.3183322704532,-39.03549105668107,-34.98104503594278
2023-05-25,-36.177331187598725,-23.3183322704532,-40.86229570277037,-37.04369983325126
2023-05-26,-35.459387225168825,-23.3183322704532,-40.19942686092996,-36.29525111459084
2023-05-27,-35.52104643008797,-23.3183322704532,-40.25635604745758,-36.35953016049181
2023-05-28,-36.041249833637394,-23.3183322704532,-40.7366534601765,-36.901836511967495
2023-05-29,-38.14071151359443,-23.3183322704532,-42.67506064110928,-39.090502322210234
2023-05-30,-39.41611860904405,-23.3183322704532,-43.852628346218694,-40.42010025228947
2023-05-31,-37.66292185069372,-23.391179854796256,-42.17948281374686,-38.530942773663476
2023-06-01,-37.66292185069372,-21.91687158295002,-41.02210399288789,-37.22414021967474
2023-06-02,-37.66292185069372,-21.99105055494621,-43.10065588084641,-39.57104416056974
2023-06-03,-37.66292185069372,-21.62121797035767,-42.83382566437391,-39.269764750506894
2023-06-04,-37.66292185069372,-19.34664488339554,-41.137263021886,-37.35416688898765
2023-06-05,-37.66292185069372,-19.34664488339554,-44.72122243494697,-41.342176612967776
2023-06-06,-37.66292185069372,-19.34664488339554,-44.72122243494697,-39.99335146606734
2023-06-07,-37.66292185069372,-19.34664488339554,-44.72122243494697,-41.504465696933906
2023-06-08,-37.66292185069372,-19.34664488339554,-44.77373727363376,-40.09413812402189
2023-06-09,-37.66292185069372,-19.34664488339554,-46.35283257508664,-41.83731516302984
2023-06-10,-37.66292185069372,-19.34664488339554,-46.35283257508664,-45.83425426835983
2023-06-11,-37.66292185069372,-19.423265570756314,-46.35283257508664,-49.19742645863138
2023-06-12,-37.66292185069372,-19.275790095390764,-46.35283257508664,-49.04869302595637
2023-06-13,-37.66292185069372,-19.275790095390764,-46.35283257508664,-48.465096730538946
2023-06-14,-37.66292185069372,-19.352478094800137,-46.35283257508664,-50.246209756801385
2023-06-15,-37.66292185069372,-17.289638390028397,-46.35283257508664,-48.90787657863788
2023-06-16,-37.66292185069372,-22.279625473329578,-46.35283257508664,-52.14529015795828
2023-06-17,-37.66292185069372,-22.400729185737283,-46.35283257508664,-52.22386006134878
2023-06-18,-37.66292185069372,-25.81267423130706,-46.35283257508664,-54.43746844109534
2023-06-19,-37.66292185069372,-27.551635172803056,-46.35283257508664,-55.565674921778744
2023-06-20,-37.66292185069372,-27.353007656862516,-46.35283257508664,-55.43680897351116
2023-06-21,-37.66292185069372,-29.610378065590776,-46.35283257508664,-56.90135016225071
2023-06-22,-37.66292185069372,-30.558952830680997,-46.35283257508664,-57.51676835356838
2023-06-23,-37.66292185069372,-27.801238649932476,-46.35283257508664,-55.727613153845226
2023-06-24,-37.66292185069372,-29.29115987880403,-46.35283257508664,-56.69424716270031
2023-06-25,-37.66292185069372,-27.0222070639062,-46.35283257508664,-55.17736888671991
2023-06-26,-37.66292185069372,-27.091535967195473,-46.35283257508664,-57.11488069285999
2023-06-27,-37.66292185069372,-25.535778392704174,-46.35283257508664,-56.15252810931127
2023-06-28,-37.66292185069372,-21.328268251301985,-46.35283257508664,-53.503371322472695
2023-06-29,-37.66292185069372,-21.328268251301985,-46.35283257508664,-57.83822400766307
2023-06-30,-37.66292185069372,-21.328268251301985,-46.35283257508664,-59.120111508754
2023-07-01,-37.66292185069372,-21.328268251301985,-46.35283257508664,-58.12365524132059
2023-07-02,-37.66292185069372,-21.328268251301985,-46.35283257508664,-58.420831367234825
2023-07-03,-37.66292185069372,-21.328268251301985,-46.35283257508664,-57.75672697586872
2023-07-04,-37.66292185069372,-21.328268251301985,-46.35283257508664,-58.72381433845303
2023-07-05,-37.66292185069372,-21.328268251301985,-46.35283257508664,-58.5391625084352
2023-07-06,-37.66292185069372,-21.328268251301985,-46.35283257508664,-58.755316592734665
2023-07-07,-37.66292185069372,-21.328268251301985,-46.4037973841403,-56.739780268105655
2023-07-08,-37.66292185069372,-21.328268251301985,-45.88251462058792,-56.2535558217047
2023-07-09,-37.66292185069372,-21.328268251301985,-45.88251462058792,-55.614428959395745
2023-07-10,-37.66292185069372,-21.328268251301985,-45.88251462058792,-56.2960117860682
2023-07-11,-37.66292185069372,-21.328268251301985,-45.88251462058792,-57.09728492250273
2023-07-12,-37.66292185069372,-21.328268251301985,-45.88251462058792,-57.79102885013712
2023-07-13,-37.66292185069372,-21.328268251301985,-45.88251462058792,-57.07686874856391
2023-07-14,-37.66292185069372,-21.328268251301985,-45.93392623169835,-57.75138841369469
2023-07-15,-37.66292185069372,-21.328268251301985,-45.28251055083127,-57.216073384895815
2023-07-16,-37.66292185069372,-21.328268251301985,-40.7193772845168,-53.46621920174391
2023-07-17,-37.66292185069372,-21.328268251301985,-38.6527962303936,-51.767961193845444
2023-07-18,-37.66292185069372,-21.328268251301985,-39.35527434388087,-52.34523788919836
2023-07-19,-37.66292185069372,-21.328268251301985,-36.44002568638108,-49.94956878745351
2023-07-20,-37.66292185069372,-21.328268251301985,-37.366167983085106,-50.7106463985605
2023-07-21,-37.66292185069372,-21.40300639646324,-42.00666054942489,-54.524072272012845
2023-07-22,-37.66292185069372,-24.28493327674943,-44.14054541115987,-56.277638650231786
2023-07-23,-37.66292185069372,-29.399082323210763,-47.927249822555794,-59.38944550502073
2023-07-24,-37.66292185069372,-30.265102092613972,-48.568482772820374,-59.91639265308564
2023-07-25,-37.66292185069372,-30.15059343398152,-48.483696342302366,-59.84671755648052
2023-07-26,-37.66292185069372,-25.503086413333158,-45.0425108826686,-57.01884842846984
2023-07-27,-37.66292185069372,-24.501675723446183,-44.301029505695844,-56.40951995154455
2023-07-28,-37.66292185069372,-25.055732491722722,-44.71127355402843,-56.746646936660106
2023-07-29,-37.66292185069372,-22.584309945801902,-42.881341228622844,-55.24286017768839
2023-07-30,-37.66292185069372,-28.743306144960272,-47.44168897469827,-58.99042529889296
2023-07-31,-37.66292185069372,-28.03703687183921,-46.918741178718136,-58.5606815535585
2023-08-01,-37.66292185069372,-25.83409016559343,-45.28759825839533,-57.22025431943757
2023-08-02,-37.66292185069372,-29.805413303615218,-48.22811225382362,-59.636685763106414
2023-08-03,-37.722142074935554,-26.700083456146128,-45.87734340880992,-57.70489024615944
2023-08-04,-36.8547982775193,-26.700083456146128,-45.12353642236574,-57.0854329311006
2023-08-05,-37.78557204186422,-26.700083456146128,-45.98388334985301,-57.75019195596005
2023-08-06,-36.20842397772756,-26.700083456146128,-45.98388334985301,-56.62379212676812
2023-08-07,-30.433854439681678,-26.700083456146128,-46.03519866067065,-52.452044110516916
2023-08-08,-30.433854439681678,-26.700083456146128,-45.60882078256518,-52.05696910819535
2023-08-09,-30.433854439681678,-26.700083456146128,-45.040243721728956,-51.53013459082322
2023-08-10,-30.433854439681678,-26.700083456146128,-45.94125513706448,-52.36499752645932
2023-08-11,-30.433854439681678,-26.700083456146128,-47.60976393724492,-53.91101140746505
2023-08-12,-30.49994227796397,-26.700083456146128,-45.878515181875876,-52.30686367567906
2023-08-13,-32.66080741832727,-26.700083456146128,-47.56148804149699,-53.86627972553673
2023-08-14,-32.41340241640756,-26.700083456146128,-47.3687985969834,-53.68773673199117
2023-08-15,-33.56490662490857,-26.700083456146128,-48.2656386146445,-54.518734516477274
2023-08-16,-32.28152382602372,-26.700083456146128,-47.26608599163137,-53.59256485539614
2023-08-17,-31.352305559201582,-26.700083456146128,-46.593179773351565,-52.9219825723853
2023-08-18,-28.519929742287058,-26.700083456146128,-46.643916252566875,-50.877962228115884
2023-08-19,-29.827763262923,-26.700083456146128,-47.66851208788063,-51.821777066222175
2023-08-20,-30.47848534637448,-26.700083456146128,-47.66851208788063,-52.29137900573074
2023-08-21,-32.9530873817896,-26.700083456146128,-47.66851208788063,-54.07720731077155
2023-08-22,-34.01145119489219,-26.700083456146128,-47.66851208788063,-54.840989134038544
2023-08-23,-32.99632586594662,-26.700083456146128,-47.71822700139714,-54.108410917561486
2023-08-24,-30.97577795006926,-26.700083456146128,-46.13859078491683,-52.65025659285622
2023-08-25,-33.288622209491464,-26.700083456146128,-47.996226611699825,-54.319350323693016
2023-08-26,-30.982494711311286,-26.700083456146128,-48.045630196418706,-52.65510382977454
2023-08-27,-27.257498312584012,-26.700083456146128,-45.2405486731744,-49.96691239138581
2023-08-28,-26.03090146925145,-26.700083456146128,-44.31686881595962,-49.08172304362486
2023-08-29,-20.454079993914664,-26.700083456146128,-40.11728384877839,-45.05713828200068
2023-08-30,-22.700592472843777,-26.769718376862784,-41.80900377863791,-46.67836283248725
2023-08-31,-26.218750211505938,-30.08540329520858,-44.45832694897762,-49.217286498347434
2023-09-01,-30.985894490492154,-34.578194569378056,-48.04819037547461,-52.65755732403552
2023-09-02,-26.870639132648964,-30.69977548225344,-44.94922717334583,-49.68773050124525
2023-09-03,-24.950125433659434,-28.889788898298406,-43.50299826047661,-48.3017671524764
2023-09-04,-25.03771241063175,-28.97233517398104,-43.568954998277974,-48.3649754180446
2023-09-05,-24.159545996587998,-28.144707946570286,-42.90765814891471,-47.731235359525485
2023-09-06,-27.2786506927381,-31.08430564741106,-45.308670057241535,-49.98217727788374
2023-09-07,-20.078907576441722,-24.298913564409755,-45.36062682068715,-44.786390293918075
2023-09-08,-19.605477265223993,-23.85272955010535,-45.09140111440232,-44.44473323628332
2023-09-09,-19.190522074609888,-23.46165536596951,-45.143564283343636,-44.14527549959801
2023-09-10,-16.83097893683987,-21.237905842144738,-43.5533109626445,-42.44248092411079
2023-09-11,-15.200223951264352,-19.701002123539414,-42.45423653185912,-41.26562566813479
2023-09-12,-14.385934901231009,-18.933576066231257,-41.90543289055409,-40.677983528823944
2023-09-13,-16.86472869903011,-21.269713278253192,-43.5760571758994,-42.46683687296444
2023-09-14,-15.265705052986625,-19.762714734952848,-42.4983686088659,-41.31288094523686
2023-09-15,-8.819647021640908,-13.770349557874017,-38.15394064496147,-36.66100047170377
2023-09-16,-3.874169320759324,-13.770349557874017,-34.82085373911954,-33.09203304430048
2023-09-17,0.0,-13.770349557874017,-30.642533834267933,-28.618015995555258
2023-09-18,-1.861844031670245,-13.770349557874017,-31.92653448892621,-29.992884591152958
2023-09-19,-5.45008991759545,-13.770349557874017,-34.40112956146283,-32.642605243325676
2023-09-20,-5.817081769077922,-13.770349557874017,-34.65422153347673,-32.91360837938904
2023-09-21,-5.523258986384757,-13.770349557874017,-34.45158982055442,-32.6966365440879
2023-09-22,-1.350332685808559,-13.770349557874017,-31.573776206395763,-29.615161820741154
2023-09-23,-7.500330031320946,-13.852267725794027,-35.81505554207715,-34.15659390072525
2023-09-24,-1.7798590309211735,-8.596724344291356,-31.869994417446918,-29.932343213399182
2023-09-25,-2.2833391688554046,-9.059284456291467,-32.21721406405449,-30.304135382011697
2023-09-26,-3.788422818032169,-10.442043395281987,-33.25517876893087,-31.415556214155405
2023-09-27,-7.384136685581742,-13.745517919854677,-35.73492405444536,-34.07079155672818
2023-09-28,-13.019079669964825,-18.922484520096123,-39.62100170533181,-38.23188454595231
2023-09-29,-10.132539549581255,-16.270546100328996,-37.6303304454277,-36.100334698628124
2023-09-30,-9.79156039547411,-15.957279808711942,-37.395177849586666,-35.848540497416316
2023-10-01,-14.077882025791128,-19.895233392189603,-40.3511933298231,-39.01375138506909
2023-10-02,-18.168789080179412,-23.653654594312705,-43.172443255504895,-42.03465944230407
2023-10-03,-19.138569635789764,-24.54461685602014,-43.841241955663214,-42.75078861738531
2023-10-04,-13.703217361757325,-19.55101935890315,-40.092809885391844,-38.73708230232205
2023-10-05,-14.478063956267809,-20.26289079242232,-40.627174481828355,-39.30926355439105
2023-10-06,-19.19657756616158,-24.59791022898173,-43.881246499172676,-42.79362425796917
2023-10-07,-19.877594103341472,-25.223577583019452,-44.3509022086188,-43.29651721469626
2023-10-08,-20.634721981433565,-25.919170377455437,-44.87304728339081,-43.85561417702694
2023-10-09,-28.34136820275484,-32.999463860145404,-50.18785272631471,-49.546545150214314
2023-10-10,-28.421382962014412,-33.07297547106343,-50.243034042001746,-49.6056316138595
2023-10-11,-28.981225352063184,-33.587317029214816,-50.62912330785889,-50.019044180900316
2023-10-12,-27.000220302461237,-31.8313200157313,-49.26294454245047,-48.55618177992098
2023-10-13,-21.57754815122233,-31.8313200157313,-45.52325718209631,-44.55183903254686
2023-10-14,-18.037913227898823,-31.8313200157313,-43.082186135601845,-41.93801488123348
2023-10-15,-18.87910140930002,-31.8313200157313,-43.608604363017925,-42.50168740460706
2023-10-16,-18.87910140930002,-31.8313200157313,-45.88210941107801,-44.93608701427275
2023-10-17,-18.87910140930002,-31.8313200157313,-40.249690761072074,-38.90506554161409
2023-10-18,-18.87910140930002,-31.8313200157313,-40.05715645376321,-38.69890569914537
2023-10-19,-18.87910140930002,-31.8313200157313,-39.967939589363425,-38.603375011823715
2023-10-20,-18.87910140930002,-31.8313200157313,-39.96593289626406,-38.601226306281134
2023-10-21,-18.87910140930002,-31.8313200157313,-39.45196880664722,-38.05088929242098
2023-10-22,-18.87910140930002,-31.8313200157313,-39.727533194120554,-38.34595520304004
2023-10-23,-18.87910140930002,-31.8313200157313,-40.977428404505176,-39.68430473293424
2023-10-24,-18.87910140930002,-31.8313200157313,-42.19624463094259,-40.93030614434186
2023-10-25,-18.87910140930002,-31.8313200157313,-42.25115819854319,-40.94862263586246
2023-10-26,-18.87910140930002,-31.896080261716353,-43.37817449722671,-42.160561099470165
2023-10-27,-18.87910140930002,-33.65359390814206,-44.83787552938642,-43.730252530116445
2023-10-28,-18.87910140930002,-33.32150319960094,-44.562057955500734,-43.433651738165615
2023-10-29,-18.87910140930002,-33.90145425404336,-45.043735667928956,-43.95162450167954
2023-10-30,-18.87910140930002,-29.943586468300882,-41.75653291775435,-40.41672668763084
2023-10-31,-18.87910140930002,-36.59554059865036,-47.28130612773619,-46.35779884755228
2023-11-01,-18.87910140930002,-33.91521482890199,-45.00300277526728,-43.90782233181885
2023-11-02,-18.87910140930002,-33.91521482890199,-42.28234533913627,-40.98215976864294
2023-11-03,-18.87910140930002,-33.91521482890199,-46.599871853130814,-45.62501760137195
2023-11-04,-18.87910140930002,-33.91521482890199,-47.2383595406626,-46.31161617848534
2023-11-05,-18.87910140930002,-33.91521482890199,-47.925449169300094,-47.050478917084945
2023-11-06,-18.87910140930002,-33.91521482890199,-50.574482743645355,-49.89912066599966
2023-11-07,-18.87910140930002,-33.91521482890199,-51.95652630092381,-51.385303028582605
2023-11-08,-18.87910140930002,-33.97799537481452,-53.877592370555625,-53.45112396093121
2023-11-09,-18.87910140930002,-29.41981058788735,-50.68825133198034,-50.021461867555104
2023-11-10,-18.87910140930002,-29.41981058788735,-48.86753512558524,-48.063552293024856
2023-11-11,-18.87910140930002,-29.41981058788735,-46.2966466230564,-45.29894395018096
2023-11-12,-18.87910140930002,-29.41981058788735,-44.75446016332064,-43.64055170617173
2023-11-13,-18.87910140930002,-29.41981058788735,-47.018642563625946,-46.07534323736694
2023-11-14,-18.87910140930002,-29.41981058788735,-48.010658314662784,-47.14210868396304
2023-11-15,-18.87910140930002,-29.41981058788735,-46.98883832164779,-46.04329320643642
2023-11-16,-18.87910140930002,-29.41981058788735,-49.334897407076106,-48.566130938994625
2023-11-17,-18.87910140930002,-29.41981058788735,-47.901917193283325,-47.02517377563071
2023-11-18,-18.87910140930002,-29.41981058788735,-48.32439652600498,-47.4794874834296
2023-11-19,-18.87910140930002,-29.41981058788735,-49.00305183481435,-48.209280365075045
2023-11-20,-18.87910140930002,-29.41981058788735,-47.564174056125196,-46.66198124751944
2023-11-21,-18.87910140930002,-29.41981058788735,-46.674892780646374,-45.65134279754486
2023-11-22,-18.87910140930002,-29.41981058788735,-46.674892780646374,-46.37682949857375
2023-11-23,-18.87910140930002,-29.41981058788735,-46.674892780646374,-43.775396135672615
2023-11-24,-18.87910140930002,-29.41981058788735,-46.674892780646374,-46.10100030689529
2023-11-25,-18.87910140930002,-29.41981058788735,-46.72555163250476,-44.701303133418484
2023-11-26,-18.87910140930002,-29.41981058788735,-45.4574478961806,-43.31705375669755
2023-11-27,-18.87910140930002,-29.41981058788735,-46.0451223512039,-43.958553323948145
2023-11-28,-18.87910140930002,-29.41981058788735,-45.31895800528303,-43.16587957459726
2023-11-29,-18.87910140930002,-29.41981058788735,-47.810876995666256,-45.8860334630133
2023-11-30,-18.87910140930002,-29.41981058788735,-45.89283724756761,-43.7923204253657
2023-12-01,-18.87910140930002,-29.41981058788735,-46.22113068995158,-44.15068226910479
2023-12-02,-18.87910140930002,-29.41981058788735,-47.229663524848476,-45.25158664160934
2023-12-03,-18.87910140930002,-29.41981058788735,-45.08040116685804,-42.848321633364854
2023-12-04,-18.87910140930002,-29.41981058788735,-45.13257478574952,-44.380435996395526
2023-12-05,-18.87910140930002,-29.41981058788735,-47.94134873246145,-47.37472287202373
2023-12-06,-18.87910140930002,-29.41981058788735,-50.87491399816725,-50.50204324046581
2023-12-07,-18.87910140930002,-29.41981058788735,-49.68805462487824,-49.23679459031515
2023-12-08,-18.87910140930002,-29.41981058788735,-52.0202546717298,-51.72303097818896
2023-12-09,-18.87910140930002,-29.41981058788735,-48.678735503820974,-48.16081230949106
2023-12-10,-18.87910140930002,-29.41981058788735,-52.51949557191281,-52.255245568453425
2023-12-11,-18.87910140930002,-29.41981058788735,-49.32690495817029,-48.851791835491454
2023-12-12,-18.87910140930002,-29.41981058788735,-48.87180208570842,-48.366630486117465
2023-12-13,-18.87910140930002,-29.41981058788735,-49.01053824424662,-48.514529842408585
2023-12-14,-18.87910140930002,-29.41981058788735,-50.00455952789725,-49.57420389955887
2023-12-15,-18.87910140930002,-29.41981058788735,-49.19522028779746,-48.711409701614
2023-12-16,-18.87910140930002,-29.41981058788735,-49.21952885793487,-48.73732379577348
2023-12-17,-18.87910140930002,-29.41981058788735,-46.99955876198132,-46.370729883727854
2023-12-18,-18.87910140930002,-29.41981058788735,-46.71861420344439,-46.071229596283544
2023-12-19,-18.87910140930002,-29.41981058788735,-46.362643946149014,-45.69174833871161
2023-12-20,-18.87910140930002,-29.41981058788735,-47.04799641724527,-46.422366732472064
2023-12-21,-18.87910140930002,-29.41981058788735,-47.11217658134751,-46.49078584582649
2023-12-22,-18.87910140930002,-29.41981058788735,-46.4395230016831,-45.77370507548135
2023-12-23,-18.87910140930002,-29.41981058788735,-49.80282286674857,-49.30845145673548
2023-12-24,-18.87910140930002,-29.41981058788735,-49.80282286674857,-51.92165901064435
2023-12-25,-18.87910140930002,-29.41981058788735,-49.80282286674857,-50.4212483307234
2023-12-26,-18.87910140930002,-29.41981058788735,-49.80282286674857,-50.03129219007872
2023-12-27,-18.87910140930002,-29.41981058788735,-49.80282286674857,-50.34805160842173
2023-12-28,-18.87910140930002,-29.41981058788735,-49.80282286674857,-50.26171345390601
2023-12-29,-18.87910140930002,-29.41981058788735,-49.80282286674857,-49.514899265599716
2023-12-30,-18.87910140930002,-29.41981058788735,-49.80282286674857,-50.54377818017185
2023-12-31,-18.87910140930002,-29.486861767828852,-49.80282286674857,-52.01177436438436
2024-01-01,-18.87910140930002,-28.95956656106841,-49.80282286674857,-51.58597755194406
2024-01-02,-18.87910140930002,-29.02705497283539,-49.80282286674857,-53.39748169000734
2024-01-03,-18.87910140930002,-27.915948256813273,-49.85051018502516,-52.58281617833115
2024-01-04,-18.87910140930002,-27.9844281059693,-52.99007818409513,-55.66025971948994
2024-01-05,-18.87910140930002,-25.03514831608658,-52.99007818409513,-53.75064248887945
2024-01-06,-18.87910140930002,-23.672052007698955,-52.99007818409513,-52.82087765648974
2024-01-07,-18.87910140930002,-23.672052007698955,-52.99007818409513,-52.28753612749889
2024-01-08,-18.87910140930002,-23.672052007698955,-53.03473760982024,-50.325073926304164
2024-01-09,-18.87910140930002,-23.672052007698955,-49.91047345886514,-46.84993764289841
2024-01-10,-18.87910140930002,-23.672052007698955,-47.88200149398933,-44.59365706468408
2024-01-11,-18.87910140930002,-23.672052007698955,-51.371830352204064,-48.47541299250825
2024-01-12,-18.87910140930002,-23.672052007698955,-53.63906347766461,-50.99726892931139
2024-01-13,-18.87910140930002,-23.672052007698955,-54.726497456169874,-52.15898674076186
2024-01-14,-18.87910140930002,-23.672052007698955,-54.769507283586506,-52.06111686490701
2024-01-15,-18.87910140930002,-23.672052007698955,-53.82571435262452,-51.009162422429746
2024-01-16,-18.87910140930002,-23.672052007698955,-55.083355916647,-52.36329679306314
2024-01-17,-18.87910140930002,-23.672052007698955,-55.083355916647,-51.95806811641229
2024-01-18,-18.87910140930002,-23.672052007698955,-55.083355916647,-53.34132388505027
2024-01-19,-18.87910140930002,-23.672052007698955,-55.083355916647,-54.42322889886009
2024-01-20,-18.87910140930002,-23.672052007698955,-55.083355916647,-56.873755315749634
2024-01-21,-18.87910140930002,-23.672052007698955,-55.083355916647,-58.39574659578858
2024-01-22,-18.87910140930002,-23.744563558291638,-55.083355916647,-60.54601630287323
2024-01-23,-18.87910140930002,-26.450744383776946,-55.083355916647,-62.01846604774111
2024-01-24,-18.87910140930002,-23.37302714503911,-55.083355916647,-60.34386103972494
2024-01-25,-18.87910140930002,-26.01873373413783,-55.083355916647,-61.783406378094966
2024-01-26,-18.87910140930002,-18.219710121083505,-55.083355916647,-57.49740674239527
2024-01-27,-18.87910140930002,-18.219710121083505,-55.083355916647,-56.60701431296206
2024-01-28,-18.87910140930002,-18.219710121083505,-55.083355916647,-56.24126487483962
2024-01-29,-18.87910140930002,-18.219710121083505,-55.083355916647,-57.67588823788251
2024-01-30,-18.87910140930002,-18.219710121083505,-55.12602672852618,-56.42997835800689
2024-01-31,-18.87910140930002,-18.219710121083505,-56.05559852510129,-57.37913918975382
2024-02-01,-18.87910140930002,-18.219710121083505,-55.80942054419224,-57.12777345557567
2024-02-02,-18.87910140930002,-18.219710121083505,-51.23536814544267,-52.457331220509055
2024-02-03,-18.87910140930002,-18.219710121083505,-51.36752637034386,-52.59227443966821
2024-02-04,-18.87910140930002,-18.219710121083505,-49.13466906663181,-50.31236372876674
2024-02-05,-18.87910140930002,-18.219710121083505,-50.43698663118214,-51.64212526770488
2024-02-06,-18.87910140930002,-18.219710121083505,-50.455904988869946,-51.66144229537763
2024-02-07,-18.87910140930002,-18.219710121083505,-46.93019632150447,-48.06143572940439
2024-02-08,-18.87910140930002,-18.219710121083505,-48.140369879774454,-49.29711149469516
2024-02-09,-18.87910140930002,-18.219710121083505,-44.353253643516766,-45.4301886706891
2024-02-10,-18.87910140930002,-18.219710121083505,-42.76363592063551,-43.807072645043064
2024-02-11,-18.87910140930002,-18.219710121083505,-43.93414931679611,-45.00225248243065
2024-02-12,-18.87910140930002,-18.219710121083505,-42.498972134255396,-43.53683155066029
2024-02-13,-18.956166262961176,-18.219710121083505,-40.247853225349985,-41.23827440444502
2024-02-14,-16.936296897600847,-18.219710121083505,-38.73949465384751,-39.69812991902205
2024-02-15,-21.676442853831414,-18.219710121083505,-42.27924821705761,-43.312477351478975
2024-02-16,-23.735397793717304,-18.297401396468473,-43.81679435007705,-44.88242447319985
2024-02-17,-24.375938838780687,-18.98584329211429,-44.295125073979165,-45.370835147256216
2024-02-18,-24.517465351299798,-19.13795342044051,-44.40081147722583,-45.478748699258915
2024-02-19,-22.64669728060417,-17.127285834297094,-43.00379585675104,-44.052293515077615
2024-02-20,-22.049356977794275,-16.48527531275213,-42.612964851770194,-43.59682328067983
2024-02-21,-25.82663560622496,-20.545025861730537,-42.612964851770194,-46.47698719090665
2024-02-22,-24.67966113601941,-19.312278507581613,-42.612964851770194,-45.602422510881965
2024-02-23,-22.842666702872656,-17.337910214412783,-42.612964851770194,-44.20171962658481
2024-02-24,-21.1107291851543,-15.476455188185453,-42.612964851770194,-42.88112233313795
2024-02-25,-17.72298521734685,-11.835369426180492,-42.612964851770194,-40.29797746272066
2024-02-26,-14.986163418884518,-8.893883003882955,-42.612964851770194,-38.211158843272365
2024-02-27,-13.401448676698132,-7.190660346136311,-42.612964851770194,-37.00281848572086
2024-02-28,-13.550576795216957,-7.350940542695819,-42.612964851770194,-37.11652824007287
2024-02-29,-18.774526150540336,-12.96554654593911,-42.612964851770194,-41.09977434980082
2024-03-01,-17.356969737183118,-11.441982627720611,-42.612964851770194,-40.01889172924648
2024-03-02,-16.621385583919352,-10.651390123488776,-42.612964851770194,-39.458010963072965
2024-03-03,-15.673846245149104,-9.632992030799137,-42.612964851770194,-38.7355149876622
2024-03-04,-19.59776960605521,-13.850353678066895,-42.612964851770194,-41.727495077643816
2024-03-05,-22.758825428733807,-17.2477991338718,-42.612964851770194,-44.137790900187824
2024-03-06,-19.530192864367972,-13.777723421961884,-42.612964851770194,-41.675968009687175
2024-03-07,-19.57471333332399,-13.825573214382434,-42.612964851770194,-41.709914737097854
2024-03-08,-17.383522851651065,-11.470521433470058,-42.612964851770194,-40.03913840139269
2024-03-09,-17.215630934927884,-11.290074246980888,-42.612964851770194,-39.91112130577116
2024-03-10,-17.04283862030211,-11.104360201720569,-42.612964851770194,-39.77936767107664
2024-03-11,-13.940314106169435,-7.769823134567008,-42.612964851770194,-37.413701800165924
2024-03-12,-15.536795816290184,-9.485692715993533,-42.612964851770194,-38.6310144363633
2024-03-13,-15.145917240307433,-9.065583513170653,-42.612964851770194,-38.33297066502148
2024-03-14,-16.54820512787464,-10.572737096845243,-42.66748253516101,-39.40221107930281
2024-03-15,-17.839354557403706,-11.960441081902221,-43.553200198361495,-40.386708744275055
2024-03-16,-18.723004861883176,-12.910172399500539,-44.21240267374916,-41.060489517836906
2024-03-17,-17.955097598758897,-12.084839603140608,-44.26540089120909,-40.474962474900586
2024-03-18,-19.359208967907563,-13.593953031740488,-45.218638840156395,-41.54559328855632
2024-03-19,-15.329464524001274,-9.262856804087285,-42.482883391626636,-38.47292493218519
2024-03-20,-18.08800802928455,-12.22768932283832,-44.408540513192044,-40.57630628957484
2024-03-21,-18.59098371283835,-12.768278463406613,-44.408540513192044,-40.959823777691724
2024-03-22,-19.864893532709242,-14.137453628734173,-44.408540513192044,-41.93117629070452
2024-03-23,-15.24625163528405,-9.17342110079838,-44.46135239970451,-38.40947534783491
2024-03-24,-14.527228853111387,-8.400628457787516,-43.99124334985625,-37.86122257869648
2024-03-25,-11.008323439269665,-4.618572752889135,-41.69052448305155,-35.17806748916595
2024-03-26,-15.8326732640746,-9.803696429575059,-44.844764610772664,-38.85662012521679
2024-03-27,-14.890419150028023,-8.790978800543007,-44.22870320457972,-38.13815411820497
2024-03-28,-11.867273259962742,-5.541756438587315,-42.252120157187505,-35.833014216059595
2024-03-29,-11.505363286267801,-5.152782164005078,-42.015497399073716,-35.55705891926425
2024-03-30,-7.737273553145989,-1.1029076730156053,-39.5518576812497,-32.683901514844095
2024-03-31,-9.45871179212446,-2.9530782649130884,-40.6773626234621,-33.99649313894943
2024-04-01,-4.347059191540759,0.0,-37.335279164084625,-30.09887297637888
2024-04-02,0.0,0.0,-31.49652077498254,-23.289568930458593
2024-04-03,-1.29119655523539,0.0,-32.379418273341216,-24.319225769646817
2024-04-04,-2.874144718076195,0.0,-33.46181039043357,-25.581538153722484
2024-04-05,0.0,0.0,-29.57449108588113,-21.048050500306573
2024-04-06,0.0,0.0,-25.08691780083847,-15.814531849622337
2024-04-07,-1.9031541310195708,0.0,-26.510245751829764,-17.474452012348404
2024-04-08,-3.3870710657987995,0.0,-27.620035240655422,-18.76871588709359
2024-04-09,-4.338794071523979,0.0,-28.331808361692335,-19.59880325667892
2024-04-10,-9.077853717728534,-0.09499999999999119,-31.876048917891676,-23.73218401175318
2024-04-11,-12.148412589966041,-3.4308995293306483,-34.17245371074923,-26.41030792184022
2024-04-12,-15.389061037182058,-6.951586830765296,-36.59606483035315,-29.236782987713646
2024-04-13,-17.764199375514124,-9.531971443017786,-38.37237959609834,-31.308365080199714
2024-04-14,-17.794703675428444,-9.565111755241341,-38.39519310446627,-31.334970756351915
2024-04-15,-16.974171719426863,-8.67367398129896,-37.78153494161798,-30.619307471004443
2024-04-16,-11.799766753618288,-3.052125654681545,-33.911709005009264,-26.106221014757146
2024-04-17,-15.034946767110991,-6.566871970698592,-36.33123040090677,-28.92792654397141
2024-04-18,-11.677787016235456,-2.919605105343655,-33.82048298876509,-25.999830984530153
2024-04-19,-12.316749164599043,-3.6137828165278734,-34.29834900632412,-26.55713012073794
2024-04-20,-12.399107248526526,-3.7032578290066542,-34.35994284201693,-26.628962371130342
2024-04-21,-10.011020035176422,-1.1088053718192403,-32.57394389176626,-24.546086343814295
2024-04-22,-13.727408434782431,-5.1463434321208155,-35.353350666910266,-27.787499078852445
2024-04-23,-12.367110386224086,-3.6684959754366315,-34.33601307841196,-26.60105489058835
2024-04-24,-11.720174943006336,-2.965655961506275,-33.85218400550052,-26.036801492150275
2024-04-25,-9.946662802104429,-1.0388867438277667,-32.52581250440944,-24.489954332721624
2024-04-26,-8.85183450107788,0.0,-31.70701401773482,-23.535051341956773
2024-04-27,0.0,0.0,-24.86843101949496,-15.559727176259033
2024-04-28,-2.3371919030570245,0.0,-26.621472919618355,-17.60416787883343
2024-04-29,-4.224511164862794,-0.09499999999999115,-28.037081856363276,-19.255085936756437
2024-04-30,-6.40680500538399,-2.340958882022233,-29.673940402643083,-21.164030746424494
2024-05-01,-8.299023989636265,-4.288380423292555,-31.093224441435257,-22.819234799001137
2024-05-02,-10.434067399633989,-6.485710416691702,-32.694642173292344,-24.686847656744312
2024-05-03,-6.149936254323962,-2.076596383148387,-29.481272576414707,-20.939336775339083
2024-05-04,-0.770018249621634,0.0,-25.44599345828347,-16.23329473790958
2024-05-05,-2.837827176712821,-2.056957708880589,-26.99698107119563,-18.04209474708398
2024-05-06,-5.815258916445522,-5.018764812752782,-29.230243383837383,-20.646580339338705
2024-05-07,-3.9959358701923553,-3.2089890080806587,-27.86563591374889,-19.055141449777874
2024-05-08,-5.926979762584642,-5.129899382633836,-29.314041091737586,-20.744307293156268
2024-05-09,-3.5108600013581555,-2.726458666559185,-27.50179830088842,-18.630825051631838
2024-05-10,-2.6589196890850384,-1.8789890721119553,-26.86278912844283,-17.885596793611196
2024-05-11,-8.092901646015424,-7.284455181569961,-31.004954252933004,-22.638930858850884
2024-05-12,-2.3514118431925324,-1.5730949317671594,-31.070499546392703,-17.6166066624708
2024-05-13,0.0,0.0,-26.118344780013413,-11.392280056355279
2024-05-14,-2.246799241850389,-2.2193119848512173,-27.756515463613173,-13.451284641695313
2024-05-15,-3.6070858383147573,-3.5629568865112407,-28.74831819441098,-14.697874139914166
2024-05-16,-2.4424179135767234,-2.4125374651417535,-27.89914359309522,-13.630552880067592
2024-05-17,-1.0775214126519463,-1.0643390564182604,-26.90397972072298,-12.379738787926374
2024-05-18,0.0,0.0,-24.971638860711458,-9.950993889097676
2024-05-19,0.0,0.0,-18.895239719453567,-2.313612864360086
2024-05-20,-0.5876929407299409,-0.676469786523914,-19.366183999796476,-2.9055392383169942
2024-05-21,-3.523883447538573,-0.770827140226713,-21.719082987252733,-5.8628805291332995
2024-05-22,-8.452378901814436,-5.746438199582496,-25.66850382256917,-10.826878292470624
2024-05-23,-10.917403207292262,-8.235027731561342,-27.643836546711047,-13.309659346544247
2024-05-24,-10.94537831106044,-8.26327027271555,-27.666254231523236,-13.337835968359743
2024-05-25,-4.4494906313159115,-1.7052829762823252,-22.460812858131934,-6.795155303986419
2024-05-26,-6.255058797737416,-3.528112077093072,-23.90769428517322,-8.613729841149357
2024-05-27,-5.347623208614421,-2.6120015531447875,-23.18052611475708,-7.699757559634671
2024-05-28,-5.316177543098818,-2.580255272244324,-23.155327315707794,-7.668085375956263
2024-05-29,-0.7570869064483422,0.0,-19.579040723738384,-3.0761534297574014
2024-05-30,0.0,0.0,-19.655440635050823,0.0
2024-05-31,-1.9480779624712736,-0.09499999999998689,-21.18583798844252,-2.003140222418461
2024-06-01,-3.7022347294752262,-1.8435774253475943,-22.56389211429045,-3.806878083071457
2024-06-02,0.0,0.0,-19.352749209106356,0.0
2024-06-03,0.0,0.0,-17.15297910963835,0.0
2024-06-04,0.0,0.0,-11.018935424770406,0.0
2024-06-05,0.0,0.0,-8.92226177588625,0.0
2024-06-06,-1.2961453486961214,0.0,-10.079622714522975,-1.3282679821836105
2024-06-07,0.0,0.0,-7.936082503789543,0.0
2024-06-08,0.0,0.0,-3.848045352929974,0.0
2024-06-09,0.0,0.0,-0.6763296799997689,0.0
2024-06-10,0.0,0.0,0.0,0.0
2024-06-11,0.0,0.0,0.0,0.0
2024-06-12,0.0,0.0,0.0,0.0
2024-06-13,0.0,0.0,0.0,0.0
2024-06-14,0.0,0.0,0.0,0.0
2024-06-15,-0.5565022335578157,0.0,-0.5482213300590624,-0.5668595748200795
2024-06-16,0.0,0.0,0.0,0.0
2024-06-17,0.0,0.0,0.0,0.0
2024-06-18,-3.0638771305909174,0.0,-3.0204583574074135,-3.1180953298004854
2024-06-19,-1.5529466712086317,0.0,-1.5309395748371444,-1.5804275290866272
2024-06-20,-2.96735720790526,0.0,-2.9253062365141136,-3.0198673959339457
2024-06-21,-2.762274868537856,0.0,-2.7231301571556523,-2.8111559309011698
2024-06-22,0.0,0.0,0.0,0.0
2024-06-23,0.0,0.0,0.0,0.0
2024-06-24,0.0,0.0,0.0,0.0
2024-06-25,-5.112040816852584,0.0,-5.04202189027931,-5.199380850843467
2024-06-26,-2.191742097808166,-0.09499999999999349,-2.1617221049105977,-2.229188361674216
2024-06-27,0.0,0.0,0.0,0.0
2024-06-28,0.0,0.0,0.0,0.0
2024-06-29,-1.1074782061273971,0.0,-1.0936029757062438,-1.1247399087575012
2024-06-30,-0.15202281861482236,0.0,-0.15011817468967445,-0.15439232139458275
2024-07-01,0.0,-0.0949999999999902,0.0,0.0
2024-07-02,0.0,0.0,0.0,0.0
2024-07-03,-0.27677899008649853,0.0,-0.2735508058332286,-0.2807871828578155
2024-07-04,0.0,0.0,0.0,0.0
2024-07-05,0.0,0.0,0.0,0.0
2024-07-06,0.0,0.0,0.0,0.0
2024-07-07,-1.6487370432817738,0.0,-1.6302988438032782,-1.671605458758351
2024-07-08,-0.7950799033882344,0.0,-0.7861883448951705,-0.8061078703049979
2024-07-09,0.0,0.0,0.0,0.0
2024-07-10,-3.875024635435989,0.0,-3.8331790584535863,-3.9268794429684712
2024-07-11,-3.2740787859446714,0.0,-3.2387226969457035,-3.3178918558639645
2024-07-12,-5.816009284595938,-0.09499999999999108,-5.84506409035063,-5.893837961942131
2024-07-13,-1.1716942820813143,0.0,-5.93451127946478,-1.1873736614918706
2024-07-14,-6.843446228498038,-0.09499999999998822,-11.221644861002487,-6.935023862300049
2024-07-15,-8.783981408197182,-2.102390922550486,-11.221644861002487,-8.901526897102132
2024-07-16,-7.326002876583214,-0.5941817953708697,-11.221644861002487,-7.424037987295463
2024-07-17,-1.3251398035874953,0.0,-11.221644861002487,-1.3428725603912406
2024-07-18,-1.483699150439432,-0.15530418526789655,-11.221644861002487,-1.5035537168281432
2024-07-19,-3.523321078655666,-2.1530534703476167,-11.221644861002487,-3.5704694592719055
2024-07-20,0.0,0.0,-11.221644861002487,0.0
2024-07-21,-5.462844410201193,-5.28889012519247,-11.221644861002487,-5.5330885337048015
2024-07-22,-13.230090452293236,-12.808802428616097,-11.221644861002487,-13.400209906173256
2024-07-23,-11.62485103238844,-11.254678920970468,-11.221644861002487,-11.774329474444258
2024-07-24,-13.271256750559097,-12.848657861434651,-11.221644861002487,-13.441905542330213
2024-07-25,-16.60978688605849,-16.080878613196823,-11.221644861002487,-16.823364252313734
2024-07-26,-14.165157136555887,-13.714093625187266,-11.221644861002487,-14.347300169128854
2024-07-27,-13.251002759528562,-12.82904882169025,-11.221644861002487,-13.421391114841938
2024-07-28,-15.074478373731964,-14.594459191328523,-11.221644861002487,-15.268313936513078
2024-07-29,-19.171311644428847,-18.560836302396698,-11.221644861002487,-19.417826441804873
2024-07-30,-16.263391180713175,-15.745513245296387,-11.221644861002487,-16.472514408999213
2024-07-31,-14.00576659895379,-13.559778587622112,-11.221644861002487,-14.18586010425344
2024-08-01,-14.256775166707838,-13.802794246800323,-11.305984298384532,-14.440096272046917
2024-08-02,-7.689860659453069,-7.44499111670462,-4.749506987059051,-7.7887409279226425
2024-08-03,-11.417216054598258,-11.05365569914333,-8.470938269972516,-11.564024617022087
2024-08-04,-16.50367156587984,-15.978142341232626,-13.631405680803251,-16.71588444559722
2024-08-05,-18.66818129061782,-18.07372721413735,-13.631405680803251,-18.90822657356918
2024-08-06,-18.73408069958032,-18.137528176996,-13.631405680803251,-18.974973351754468
2024-08-07,-17.870808487268235,-17.301745288776733,-13.631405680803251,-18.10060073178924
2024-08-08,-18.56718351070405,-17.975945523731752,-13.713455845406482,-18.805930111138913
2024-08-09,-17.43036147353968,-16.796533457286273,-12.466578349541415,-17.572062281236683
2024-08-10,-17.43036147353968,-20.56880400710579,-16.533941547406634,-21.518505945441028
2024-08-11,-17.43036147353968,-16.02942587027096,-16.533941547406634,-16.76953583554353
2024-08-12,-17.43036147353968,-16.211089550745182,-16.533941547406634,-16.959587283697967
2024-08-13,-17.43036147353968,-12.500143491839136,-16.613234302936593,-13.07729958217706
2024-08-14,-17.43036147353968,-11.268991620891832,-15.438296156073614,-11.789303019733865
2024-08-15,-17.43036147353968,-9.628424624114995,-13.872636555106277,-10.072987833792999
2024-08-16,-17.43036147353968,-7.558900588310929,-11.897605859953229,-7.90790982277698
2024-08-17,-17.43036147353968,-5.878607358004886,-10.2940339036493,-6.150034165352562
2024-08-18,-17.43036147353968,-3.5424573135615347,-7.9766218302350405,-3.609629130167321
2024-08-19,-17.43036147353968,-3.5424573135615347,-3.0824790122436765,0.0
2024-08-20,-17.43036147353968,-3.5424573135615347,-2.256329316989686,0.0
2024-08-21,-17.43036147353968,-3.5424573135615347,0.0,0.0
2024-08-22,-17.43036147353968,-3.5424573135615347,-0.24807661614825394,-0.2586078095268936
2024-08-23,-17.508802630139808,-3.5424573135615347,0.0,0.0
2024-08-24,-19.526244199621367,-3.5424573135615347,-2.4726672101523444,-2.5719171630343123
2024-08-25,-13.735542599776329,-3.5424573135615347,0.0,0.0
2024-08-26,-13.785375573716038,-3.5424573135615347,-0.058377753525331935,-0.06061342521429537
2024-08-27,-18.278074394080978,-3.5424573135615347,-5.321432387113816,-5.525225356424192
2024-08-28,-17.80093851383981,-3.5424573135615347,-4.762482787828057,-4.944869866722694
2024-08-29,-19.82505563185756,-3.5424573135615347,-7.133672000116227,-7.406867653698194
2024-08-30,-17.143008388175737,-3.5424573135615347,-3.9917384457507343,-4.14460860765296
2024-08-31,-19.096825801842012,-3.6340919791136406,-6.280573776881806,-6.521098636703947
2024-09-01,-20.38075073902161,-5.164960363576214,-7.784651250130731,-8.082777220339683
2024-09-02,-25.81178065971441,-11.64056634325495,-14.146931102875918,-14.688711000909679
2024-09-03,-27.000412996869688,-13.057814044431385,-15.53937630782514,-16.134482175687204
2024-09-04,-33.308969612336995,-20.57972564109052,-22.92965094092273,-23.807779480489682
2024-09-05,-37.09572756243867,-25.094808927935386,-27.36571816297207,-28.41373316270169
2024-09-06,-35.2173773333931,-22.85518658139033,-25.16529025276614,-26.12903626156391
2024-09-07,-33.21540940894467,-20.542971141574462,-22.82004812050855,-23.693979240547804
2024-09-08,-32.0747941990328,-20.618455318989962,-21.483853462087065,-22.306612819110832
2024-09-09,-34.43677150052527,-23.40971094377058,-24.250835198031897,-25.17956065271037
2024-09-10,-34.49262804168616,-23.475719149944968,-24.31626937012475,-25.247500733599022
2024-09-11,-34.44000429093744,-23.41353127871453,-24.25462230979668,-25.18349279812313
2024-09-12,-37.166268783358106,-26.635281586941677,-27.4483549731531,-28.499534684880544
2024-09-13,-33.46034471693415,-22.255823160783418,-23.10698209030864,-23.9919018166944
2024-09-14,-31.163613522318883,-19.61823277844732,-20.416434105846758,-21.198314890282756
2024-09-15,-31.669460483102117,-19.61823277844732,-21.00901782830083,-21.813592576989073
2024-09-16,-31.535912041241186,-19.61823277844732,-20.852570050729213,-21.65115337552743
2024-09-17,-30.931771259097,-19.61823277844732,-20.144838224061722,-20.916317799354207
2024-09-18,-36.030749484992164,-19.61823277844732,-26.047866290379122,-27.045411994120467
2024-09-19,-36.030749484992164,-19.61823277844732,-26.669540169242055,-27.690893892422487
